Validator Name,Validator Address,Stride Delegations,Live Delegations,Delegations Minus Stride,Commission,CEX,Active,Uptime,Governance,Eligibility,Reason,Current Weight,New Weight
The_Cybernetics,junovaloper1yfx5x9cs3nvncprlw0kuw2cgs9qq38uqnwfhd8,0,4350603228299,4350603228299,5.00%,N,Y,,,N,top_N_stake,0.00%,
Cosmostation,junovaloper1t8ehvswxjfn3ejzkjtntcyrqwvmvuknzmvtaaa,4491319,2843522522860,2843518031541,5.00%,N,N,,,N,inactive,0.00%,
Kintsugi Nodes,junovaloper1juczud9nep06t0khghvm643hf9usw45r23gsmr,115034224376,2282698761830,2167664537454,10.00%,N,Y,,,N,top_N_stake,3.71%,
DAO DAO,junovaloper185hgkqs8q8ysnc8cvkgd8j2knnq2m0ah6ae73gntv9ampgwpmrxqlfzywn,0,2154809596724,2154809596724,5.00%,N,Y,,,N,top_N_stake,0.00%,
SG-1,junovaloper196ax4vc0lwpxndu9dyhvca7jhxp70rmcqcnylw,4491319,1974997583517,1974993092198,5.00%,N,Y,,,N,top_N_stake,0.00%,
Stakecito,junovaloper1yy3tnegzmkdcm7czzcy3flw5z0zyr9vkkxrfse,125881001349,1780398516431,1654517515082,5.00%,N,Y,,,N,top_N_stake,4.06%,
AutoStake 🛡️ Slash Protected,junovaloper15yuuev6n8sfvvkqx2m4rqvrnu8vyuzvmkku3fm,0,1310268644081,1310268644081,5.00%,N,Y,,,N,top_N_stake,0.00%,
Neta DAO,junovaloper1f2jpv5sc6ur6yurq5w0t2chphrznpy8lfvj9vs,0,1125085484614,1125085484614,5.00%,N,N,,,N,inactive,0.00%,
POSTHUMAN 🧬 StakeDrop,junovaloper1e8238v24qccht9mqc2w0r4luq462yxttjzn7qt,83190063396,1186859696843,1103669633447,5.00%,N,Y,,,N,top_N_stake,2.68%,
BlueStake 🚀 | 100% insurance,junovaloper1z3svprqzmquw6mckh6rgyt0dmd4yhv7c6l58qc,0,1089758956569,1089758956569,5.00%,N,Y,,,N,top_N_stake,0.00%,
0base.vc,junovaloper1n3mhyp9fvcmuu8l0q8qvjy07x0rql8q4kjctkq,141798590419,1202945477191,1061146886772,5.00%,N,Y,,,Y,OK,4.57%,5.82%
Swiss Staking,junovaloper1y0us8xvsvfvqkk9c6nt5cfyu5au5tww2wsdcwk,4491319,1050178019829,1050173528510,5.00%,N,Y,,,Y,OK,0.00%,5.76%
Silk Nodes,junovaloper1v676erkdwd3hq2n2a7xte5qpymdfa8c8uyatcw,0,915973584196,915973584196,5.00%,N,Y,,,Y,OK,0.00%,5.03%
ECO Stake 🌱 | REStake.app,junovaloper19ur8r2l25qhsy9xvej5zgpuc5cpn6syydmwtrt,0,897488667393,897488667393,5.00%,N,Y,,,Y,OK,0.00%,4.92%
Chainroot,junovaloper1c0r2r5e3usyjjy55dk5ktql9nc5nljk3jn6mkq,0,896661345867,896661345867,5.00%,N,Y,,,Y,OK,0.00%,4.92%
Allnodes,junovaloper1v3lnt5cjjk9658yyrv2673pcqx3nzvkg256xjp,0,882105571844,882105571844,5.00%,N,Y,,,Y,OK,0.00%,4.84%
Lavender.Five Nodes 🐝,junovaloper1wd02ktcvpananlvd9u6jm3x3ap3vmw59jv9vez,68732185516,904220871049,835488685533,5.00%,N,Y,,,Y,OK,2.21%,4.58%
Kleomedes,junovaloper1x8u2ypdr35802tjyjqyxan8x85fzxe6sk0qmh8,0,833390948292,833390948292,5.00%,N,Y,,,Y,OK,0.00%,4.57%
Validatus,junovaloper19v94c3z7ckarwsum76kaagma0wqsqhh5w9jlsx,0,778507763321,778507763321,10.00%,N,Y,,,Y,OK,0.00%,4.27%
🔥STAVR🔥 REStake ON✅,junovaloper177svs8gyz28pupaj6amgls6rahcmwmwq06fukv,0,743022932423,743022932423,10.00%,N,Y,,,Y,OK,0.00%,4.08%
Stake&Relax 🦥,junovaloper1yg0h9xeseq3qfu2vkwj3m29yf42lnyfmqasn35,0,702369865011,702369865011,5.00%,N,Y,,,Y,OK,0.00%,3.85%
polkachu.com,junovaloper1gp957czryfgyvxwn3tfnyy2f0t9g2p4pvzc6k3,0,692582692840,692582692840,5.00%,N,Y,,,Y,OK,0.00%,3.80%
Stakeflow,junovaloper1ssmt2aveqpc7e0ncgxt0tpj83ur623dvk7uvng,0,683484173603,683484173603,10.00%,N,Y,,,Y,OK,0.00%,3.75%
stakefish,junovaloper1sjllsnramtg3ewxqwwrwjxfgc4n4ef9uxyejze,221382044350,899608535416,678226491066,5.00%,N,N,,,N,inactive,7.13%,
Nodes Hub 🛡️ 100% Slash Protected 🛡️,junovaloper1zvuyw9utsdp3w0mnrructw87p8sy8a3snclwet,0,604480856448,604480856448,15.00%,N,Y,,,N,commission>10%,0.00%,
Crosnest,junovaloper1p0r4znp29547d8ra5k8t6ls0ztm3tj74ak38wz,0,592091726459,592091726459,5.00%,N,Y,,,Y,OK,0.00%,3.25%
🐾TRACE™,junovaloper13uflwz6ncv7wuey55rhh08nlmskpdpfevckja0,0,581020418916,581020418916,10.00%,N,Y,,,Y,OK,0.00%,3.19%
Imperator.co,junovaloper17n3w6v5q3n0tws4xv8upd9ul4qqes0nlg7q0xd,124421290172,653016665418,528595375246,5.00%,N,N,,,N,inactive,4.01%,
"Shutdown, plz redelegate (OmniFlix Network)",junovaloper1afhtjur8js4589xymu346ca7a5y5293x7p64ca,233684041097,756303577044,522619535947,10.00%,N,N,,,N,inactive,7.53%,
"Frens (🤝,🤝)",junovaloper1ej2es5fjztqjcd4pwa0zyvaevtjd2y5w2aqycm,122979544652,617239345012,494259800360,20.00%,N,Y,,,N,commission>10%,3.96%,
StakeTown,junovaloper12rkgnycfaqqyclrhquzerrm4nfwg6um26l2aqw,0,491103874303,491103874303,10.00%,N,Y,,,Y,OK,0.00%,2.69%
StakeLab.zone,junovaloper1la7th9kc3gdltl53cedxxqpkyk5runudrzwx55,0,462401931299,462401931299,5.00%,N,Y,,,Y,OK,0.00%,2.54%
SmartNodes 🛡 Slash Protected,junovaloper1q3jsx9dpfhtyqqgetwpe5tmk8f0ms5qywje8tw,72311846702,530549301105,458237454403,5.00%,N,Y,,,Y,OK,2.33%,2.51%
CommunityStaking,junovaloper1zxx8j75ngm8m38v9l5wreaavwnsuun7gcq5cu8,0,449276110584,449276110584,5.00%,N,Y,,,Y,OK,0.00%,2.47%
Basement Nodes ⚡,junovaloper1j9644d7qyln8smd2t42jvymj0yhjw5qkmw9fms,0,447009923501,447009923501,5.00%,N,N,,,N,inactive,0.00%,
Disperze,junovaloper194v8uwee2fvs2s8fa5k7j03ktwc87h5ym39jfv,108521666768,543180947079,434659280311,5.00%,N,Y,,,Y,OK,3.50%,2.39%
Expedition | by Life and Crypto,junovaloper1tx2u0nvjwregdv6a5t5k7z0krv6l8l6hgq4z85,0,427903358324,427903358324,5.00%,N,Y,,,Y,OK,0.00%,2.35%
Cosmos Spaces ☮️ 💜 ⚛️,junovaloper1836fhsg6yqpu98vezfc7caakchqe8pvske7t8q,0,425818215132,425818215132,5.00%,N,Y,,,Y,OK,0.00%,2.34%
"Shutting down, please redelegate",junovaloper1lzhlnpahvznwfv4jmay2tgaha5kmz5qx4cuznf,187382002235,566012226708,378630224473,5.00%,N,N,,,N,inactive,6.04%,
owlstake,junovaloper1t3cjxseweyyy5ssckdr2ynn0qx283hza33p056,0,377453466931,377453466931,10.00%,N,Y,,,Y,OK,0.00%,2.07%
Shutting down. Please re-delegate by July 15th,junovaloper1ka8v934kgrw6679fs9cuu0kesyl0ljjy2kdtrl,249597139386,604164833489,354567694103,10.00%,N,N,,,N,inactive,8.04%,
✅ CryptoCrew - 100% MEV revenue to Juno stakers! #IBCgang #REstake,junovaloper1ncu32g0lzhk0epzdar7smd3qv9da2n8w8mwn4k,0,348091284421,348091284421,5.00%,N,Y,,,Y,OK,0.00%,1.91%
KalpaTech,junovaloper1ehkfl7palwrh6w2hhr2yfrgrq8jetgucskr2e0,62942746373,387993084316,325050337943,5.00%,N,Y,,,Y,OK,2.03%,1.78%
Inotel,junovaloper1z89utvygweg5l56fsk8ak7t6hh88fd0aa9ywed,0,298374662334,298374662334,5.00%,N,Y,,,Y,OK,0.00%,1.64%
IcyCRO 🧊,junovaloper1nna7k5lywn99cd63elcfqm6p8c5c4qcup6gd43,0,297718690823,297718690823,5.00%,N,Y,,,Y,OK,0.00%,1.63%
"[Sunsetting, please redelegate] Informal Systems",junovaloper1x20lytyf6zkcrv5edpkfkn8sz578qg5sujlhnj,120823663514,417436427313,296612763799,5.00%,N,N,,,N,inactive,3.89%,
VairagyaNodes,junovaloper1qh8rgkdm77wrhlf7un20gz9gmtpxkyaeqsaq63,0,291956736092,291956736092,5.00%,N,Y,,,Y,OK,0.00%,1.60%
Inactive,junovaloper106y6thy7gphzrsqq443hl69vfdvntgz260uxlc,0,279487696444,279487696444,5.00%,N,N,,,N,inactive,0.00%,
Shutdown in July | Please redelegate | Meria,junovaloper1teekgw89a9mx8jhpvuhyx2u6c6neazv80z22gw,0,274495416383,274495416383,5.00%,N,N,,,N,inactive,0.00%,
Secure Secrets,junovaloper1vq8tw77kp8lvxq9u3c8eeln9zymn68rng8pgt4,0,263439150195,263439150195,5.00%,N,Y,,,Y,OK,0.00%,1.45%
Cogwheel ⚙️,junovaloper1sz9nuewea8dlje7lzqymzyww8q0hun5q5ryep7,0,247798914951,247798914951,5.00%,N,Y,,,Y,OK,0.00%,1.36%
GATA HUB,junovaloper1yeaw3dv6jk3hr290l2tsew7rr2vjykynme37s2,0,244453782333,244453782333,5.00%,N,Y,,,Y,OK,0.00%,1.34%
CryptoDungeon,junovaloper13x4pynlp86prhcmtns742kgsgu7pjtzjeknkwx,0,235361915111,235361915111,5.00%,N,Y,,,Y,OK,0.00%,1.29%
EZ Staking,junovaloper1gjtvly9lel6zskvwtvlg5vhwpu9c9wawjt8r7s,64384491887,297777129396,233392637509,5.00%,N,Y,,,N,over_32_cap,2.07%,
Golden Ratio Staking,junovaloper10y7ucn6jhjtakwchgpw32y0tgaku6yn255z7gm,91876467817,315605400943,223728933126,5.00%,N,Y,,,N,over_32_cap,2.96%,
Tedcrypto.io 🧸 | TedLotto,junovaloper14xmyp2hdd586frvl0d5mpqy5j9rjkt4khdp5hd,0,223539129993,223539129993,5.00%,N,N,,,N,inactive,0.00%,
Provalidator,junovaloper1jc9fr7s5kal8878trt86ne0k353r4yd6a60zak,109958920865,324428435314,214469514449,5.00%,N,N,,,N,inactive,3.54%,
kingnodes 👑,junovaloper10wxn2lv29yqnw2uf4jf439kwy5ef00qdelfp7r,85368401630,284638020167,199269618537,5.00%,N,Y,,,N,over_32_cap,2.75%,
Gelotto 🛡 Slash Protected,junovaloper1cqdhr7arcezmkhy32qzsqsjvq2rheuhx4xj867,0,176718507567,176718507567,5.00%,N,N,,,N,inactive,0.00%,
Decloud Nodes Lab,junovaloper1ax4c40gn3s74xxm75g6cmts3fw7rq64gweqg8q,0,173253173799,173253173799,5.00%,N,Y,,,N,over_32_cap,0.00%,
Chill Validation,junovaloper1mzqqrctm0hvkghf66jruxjtggd5j447dmugz0j,0,169371538465,169371538465,5.00%,N,Y,,,N,over_32_cap,0.00%,
ShapeShift DAO,junovaloper1jghdavdegcujzg96l08ghx086u0dwyjctw28d2,0,166002965693,166002965693,5.00%,N,Y,,,N,over_32_cap,0.00%,
Enigma,junovaloper18tjj8ang9pelwxhdj8uuta6pchz292suncrlrq,0,164265756900,164265756900,5.00%,N,Y,,,N,over_32_cap,0.00%,
Regenerator | Green Validator 🌱,junovaloper1ywk2vuqezuslxxs8s7lv2t2622j6raf346guh6,0,161384501483,161384501483,5.00%,N,Y,,,N,over_32_cap,0.00%,
Sentinel dVPN,junovaloper13v4spsah85ps4vtrw07vzea37gq5la5gktlkeu,133817338790,284300483012,150483144222,5.00%,N,N,,,N,inactive,4.31%,
Oldcat,junovaloper1gwd9l44t22e3nteu68akfgykuxu6lq6m6u786d,0,146170190642,146170190642,5.00%,N,Y,,,N,over_32_cap,0.00%,
Shutdown | redelegate,junovaloper1wj4jhrll90knap3vt8z4qs5rrm9cla2kpc5944,0,143537316754,143537316754,5.00%,N,N,,,N,inactive,0.00%,
RHINO 🦏,junovaloper166r5ylkp70xe0ysq2hjxn26m4q9vfn8q3lv46c,0,141661705223,141661705223,5.00%,N,Y,,,N,over_32_cap,0.00%,
Encapsulate (fka KingSuper),junovaloper1s0lankh33kprer2l22nank5rvsuh9ksahu7s62,0,140065057121,140065057121,7.00%,N,Y,,,N,over_32_cap,0.00%,
OranG3cluB,junovaloper1aevx3gfvvdce60ql75fp6j4fzj42lru9h0vhqq,0,130541842729,130541842729,8.00%,N,Y,,,N,over_32_cap,0.00%,
Stakewolle.com | Auto-compound,junovaloper1qr78535yz60zemv82sww948c6azx40gnawnh6r,0,127437052813,127437052813,5.00%,N,N,,,N,inactive,0.00%,
ChainTools,junovaloper1dru5985k4n5q369rxeqfdsjl8ezutch8mc6nx9,78110268463,200122906417,122012637954,5.00%,N,Y,,,N,over_32_cap,2.52%,
NosNode🔮,junovaloper10jm8fvdyqlj78w0j5nawc76wsn4pqmdxnpxsgg,0,98937024912,98937024912,5.00%,N,Y,,,N,over_32_cap,0.00%,
ZenLounge,junovaloper1xeuvxfdw4cdcu0zcusrmufp97z9mnhfddfaz5k,0,97365228400,97365228400,5.00%,N,N,,,N,inactive,0.00%,
Stake Frites 🥩 🍟,junovaloper1uepjmgfuk6rnd0djsglu88w7d0t49lml7kqufu,0,92664857194,92664857194,5.00%,N,Y,,,N,over_32_cap,0.00%,
Stakers,junovaloper1x73p5aukx7ak8c2gss3ctvdlqyln38xjnkdj83,0,90657655516,90657655516,10.00%,N,Y,,,N,over_32_cap,0.00%,
"needlecast | PLEASE REDELEGATE, SHUTTING DOWN",junovaloper17dn5e2n6w60pzyxeq79apr05r6jzfw7wgq3m07,67285948587,139850825942,72564877355,10.00%,N,N,,,N,inactive,2.17%,
PLEASE REDELEGATE | Stakely.io,junovaloper1hx9yj7qgnp8zhkrqfanvz74mcsg9d8eyskvsxg,0,72303203740,72303203740,5.00%,N,N,,,N,inactive,0.00%,
NacionCrypto - Parceros,junovaloper1uwm8vhauj6wfj8ydlty3nr6ffeu9lg6j3ma59s,0,65929825072,65929825072,5.00%,N,N,,,N,inactive,0.00%,
BouBouNode,junovaloper1eh5mwu044gd5ntkkc2xgfg8247mgc56fww3vc8,0,62576314044,62576314044,6.10%,N,N,,,N,inactive,0.00%,
Shutting down please redelegate,junovaloper15urq2dtp9qce4fyc85m6upwm9xul304945tllg,70173931027,132370984448,62197053421,5.00%,N,N,,,N,inactive,2.26%,
Inactive,junovaloper15mlr3tp7le827h7x597rcl4ykyc3vufgd55t9c,0,60421913596,60421913596,5.00%,N,N,,,N,inactive,0.00%,
Please redelegate,junovaloper1quqxfrxkycr0uzt4yk0d57tcq3zk7srm7sm6r8,0,59796027215,59796027215,5.00%,N,N,,,N,inactive,0.00%,
Perseverance 🇩🇪,junovaloper1c3g697srryr0slg835u375t2j6tqxl489dgnc2,0,59707505940,59707505940,5.00%,N,Y,,,N,over_32_cap,0.00%,
SHUTTING DOWN,junovaloper1dfeenydr9f2vggp8m7jpalvy8jv7fdndncedrm,0,57884718808,57884718808,5.00%,N,N,,,N,inactive,0.00%,
[Redelegate] BH - Shutting down 2026,junovaloper1symf474wnypes2d3mecllqk6l26rwz8m9fpvvx,0,57120704708,57120704708,5.00%,N,Y,,,N,over_32_cap,0.00%,
Oni ⛩️,junovaloper16s96n9k9zztdgjy8q4qcxp4hn7ww98qk0du5jq,102013600584,157267374616,55253774032,5.00%,N,N,,,N,inactive,3.29%,
Cypher Core,junovaloper1pjmngrwcsatsuyy8m3qrunaun67sr9x7w0ztsx,0,50687197753,50687197753,10.00%,N,Y,,,N,over_32_cap,0.00%,
CosmosPug 🍒,junovaloper1dqhxzkkkc4frsleknwn8gr9xxg9kynfvj8ky44,0,50435087030,50435087030,5.00%,N,N,,,N,inactive,0.00%,
SHUTTING DOWN - PLEASE REDELEGATE,junovaloper193xl2tqh2tjkld2zv49ku5s44ee4qmgr65jcep,0,50202764185,50202764185,5.00%,N,N,,,N,inactive,0.00%,
Witval,junovaloper16msryt3fqlxtvsy8u5ay7wv2p8mglfg9g70e3q,0,50157351504,50157351504,5.00%,N,N,,,N,inactive,0.00%,
MOVE_TO_OTHER_VALIDATOR,junovaloper1nh67j720gdsqguz24ext3gl8c4lqt6y4495kl0,0,47812561290,47812561290,6.00%,N,N,,,N,inactive,0.00%,
Yurbason,junovaloper15ntrq4rmmd2vtrj5hvczfhqus3v4pqpuxfvj0e,0,45457039840,45457039840,5.00%,N,Y,,,N,over_32_cap,0.00%,
Redline Validation,junovaloper1qylzyxxz8x358670tpuqnf2kjezacahcegx06e,0,45191848403,45191848403,100.00%,N,Y,,,N,commission>10%,0.00%,
Sunsetting - please redelegate,junovaloper16gm3cvhluf9xfurkx9qgxq7pldvd479l5359xq,0,42416489006,42416489006,5.00%,N,N,,,N,inactive,0.00%,
jabbey,junovaloper1xwazl8ftks4gn00y5x3c47auquc62ssuvynw64,82466944931,123596200125,41129255194,6.00%,N,N,,,N,inactive,2.66%,
Cosmic Validator | 100% MEV revenue to Juno stakers! & Auto-compound,junovaloper1de7qx00pz2j6gn9k88ntxxylelkazfk3yugf8n,0,40960339361,40960339361,10.00%,N,Y,,,N,over_32_cap,0.00%,
Klub Staking - SHUTTING DOWN - Redelegate to Meria,junovaloper1wszlc0l5tfh37mq24009pzf24mavlkx4p97jjz,79578962490,115047483105,35468520615,5.00%,N,N,,,N,inactive,2.56%,
redelegate before the 15th February 2025,junovaloper1am80fauk3gnzcr76ylg0yju4f0chen5x6zmq7q,0,33052727596,33052727596,5.00%,N,Y,,,N,over_32_cap,0.00%,
coinhall.org 📈🔄 Data/Charts for Juno,junovaloper1y3u3ht35yn82j72sejtf85dkvqwlt302x47lk9,0,32506887865,32506887865,5.00%,N,N,,,N,inactive,0.00%,
WeStaking,junovaloper1ptyzewnns2kn37ewtmv6ppsvhdnmeapv8jey5z,0,29219017056,29219017056,20.00%,N,N,,,N,"inactive, commission>10%",0.00%,
Consensus One,junovaloper1ty96k6wly7k9ualepv2hs258u29esn6mq02yd4,0,29175911499,29175911499,5.00%,N,Y,,,N,over_32_cap,0.00%,
(Closing) Please redelegate,junovaloper18eancryfzd7n0ag9xy3azqvxgkjla2mrs2uznx,0,27306626600,27306626600,5.00%,N,N,,,N,inactive,0.00%,
[ block pane ],junovaloper1sgghjqdrj9kujkx38q04d99qsljwfd6mxyrssk,0,26122659794,26122659794,5.00%,N,N,,,N,inactive,0.00%,
Tessellated,junovaloper12udz3pg72mr3yupsguf29nj3gfqlluwq04rg0k,0,24696202164,24696202164,5.00%,N,Y,,,N,over_32_cap,0.00%,
please redelegate,junovaloper1pr5qgj4jg47lvsnejtfvk78090shvuctgdwdm5,0,21359113664,21359113664,5.00%,N,N,,,N,inactive,0.00%,
STAKECRAFT,junovaloper1345rra7x6uswe2z708zx3q7wj04e6wsykw2mk6,0,20346578487,20346578487,5.00%,N,N,,,N,inactive,0.00%,
Validator.run,junovaloper1fj75m0v53ezdd8mlknzgdg4l3hvwh0h20sg4a8,0,18581256545,18581256545,5.00%,N,N,,,N,inactive,0.00%,
cyberG,junovaloper1353ewfc0v7pnn3xre6v9lraghxrhenswmsjhv0,0,18325511757,18325511757,5.00%,N,Y,,,N,over_32_cap,0.00%,
,junovaloper1c53el6jh90cu99wyc5rx60zymqd8svxfc6ll5f,0,16980698144,16980698144,5.00%,N,N,,,N,inactive,0.00%,
web34ever,junovaloper1mxpyg8u68k6a8wdu3hs5whcpw9q285pcpxm5yx,0,16876595535,16876595535,5.00%,N,Y,,,N,over_32_cap,0.00%,
☉ Mercury,junovaloper1w2ux4x68tn4x4mgg8u0mn8rz5hchfrc8mvwmgj,0,16719490504,16719490504,5.00%,N,N,,,N,inactive,0.00%,
Figment,junovaloper1hjct6q7npsspsg3dgvzk3sdf89spmlpfpgm64m,0,16430276452,16430276452,7.00%,N,N,,,N,inactive,0.00%,
LOA Labs,junovaloper1zhgppyrs988x4spqxqchflg74qusw2cxxeqmnn,0,16235987346,16235987346,5.50%,N,N,,,N,inactive,0.00%,
S16 Research Ventures,junovaloper1fcve3lyvtddet4zxlqvar94v9xxhrj858aakxl,0,15171903009,15171903009,5.00%,N,N,,,N,inactive,0.00%,
strangelove,junovaloper130mdu9a0etmeuw52qfxk73pn0ga6gawk2tz77l,0,14058608376,14058608376,10.00%,N,N,,,N,inactive,0.00%,
blockscape,junovaloper13x77yexvf6qexfjg9czp6jhpv7vpjdww6lkc9h,0,13914949614,13914949614,5.00%,N,N,,,N,inactive,0.00%,
chainvibes,junovaloper10wq46f8du234aqtlucv7h9jtrfuxmcnt9ln69l,0,13181487802,13181487802,5.00%,N,N,,,N,inactive,0.00%,
UniverseDAO,junovaloper1rdtztev7z7udxnq4nl74l9976ww6u7tkpnadvs,0,13075756432,13075756432,5.00%,N,N,,,N,inactive,0.00%,
notional,junovaloper1083svrca4t350mphfv9x45wq9asrs60cpqzg0y,100562872233,112999900006,12437027773,5.00%,N,N,,,N,inactive,3.24%,
SpaceStake,junovaloper1za6z32wkgcuyues2z3yjjds6gvew8qrgfd684l,0,12304425794,12304425794,5.00%,N,Y,,,N,over_32_cap,0.00%,
Sunsettin validator.Please redelegate.,junovaloper1340rlqnel7ykw0wv6e7sfz5ay95v8ae87fm8xy,0,11445817429,11445817429,5.00%,N,N,,,N,inactive,0.00%,
DEACTIVATED - PLEASE REDELEGATE,junovaloper13qjgwewgrwu979wn8xxrh274rjtwk4m5gqkehp,0,10641905735,10641905735,5.00%,N,N,,,N,inactive,0.00%,
ZenChainLabs - ** Has Shut Down. Please Redelegate,junovaloper12fzv0wrkllkzkwfv9tch07s3gj9ajhye0y4llv,0,10330398496,10330398496,5.00%,N,N,,,N,inactive,0.00%,
Active Nodes,junovaloper189nl8q7rm4ks2t2l7qwe7j49w7sagw4y8uk2nd,0,10037256991,10037256991,5.00%,N,N,,,N,inactive,0.00%,
artifact,junovaloper1rhjvcesshc833dqwdlwskwcjz08gcnxq9jr5ag,0,9481843194,9481843194,5.00%,N,Y,,,N,bottom_5%_stake,0.00%,
Domerium Labs,junovaloper18lxh6zxpe9jksjh8kclc38724prl8uek8q7f0a,0,8917262381,8917262381,5.00%,N,N,,,N,inactive,0.00%,
Nodes.Guru,junovaloper193486ateqqf3v7z89x74zx9s85xketdyu9ttts,0,8624507254,8624507254,5.00%,N,N,,,N,inactive,0.00%,
Stakepile - Auto-restake enable,junovaloper1vnqrnr27qpt27cpdqm742mlwlhvtced8ffjv8d,0,8583103488,8583103488,5.00%,N,N,,,N,inactive,0.00%,
🙏 uGaenn ⛅,junovaloper1skggcgkqjc4gv96tujncy2q87avpman8ngz4a6,0,7417104152,7417104152,5.00%,N,N,,,N,inactive,0.00%,
SG-1 does blowjobs for spare change,junovaloper1gr56uqre7dsqjkknssne7rc9wunsk08gmh3c7h,0,7117547591,7117547591,5.00%,N,N,,,N,inactive,0.00%,
FreshSTAKING,junovaloper17h2x3j7u44qkrq0sk8ul0r2qr440rwgj6jfwcp,0,6989300171,6989300171,8.90%,N,N,,,N,inactive,0.00%,
ALTER | pathrock,junovaloper1gsjfwpfskfzkwl97tlsph8n2ap0gyjucp0j72x,0,6503774114,6503774114,5.00%,N,N,,,N,inactive,0.00%,
DO-NOT-DELEGATE,junovaloper1c9ye54e3pzwm3e0zpdlel6pnavrj9qqv0rx2l4,0,6487587773,6487587773,5.00%,N,N,,,N,inactive,0.00%,
stake.systems,junovaloper1ualhu3fjgg77g485gmyswkq3w0dp7gyskmr0n6,0,6321194683,6321194683,5.00%,N,N,,,N,inactive,0.00%,
"Earth+ (shutting down 5/19, pls redelegate 🌎💙)",junovaloper1eqwz3j9cv7q3jjy2alzy02hy5amlqmacm0z65q,0,6285338921,6285338921,7.00%,N,N,,,N,inactive,0.00%,
[SHUTTING DOWN] AUDIT.one,junovaloper1udpsgkgyutgsglauk9vk9rs03a3skc62y8qyrj,0,6225917119,6225917119,7.00%,N,N,,,N,inactive,0.00%,
🤖 TOT AI BOT FREE✅,junovaloper1vahajh6g7lakhzj846tdcf8x4gnmhfs2ngl3p7,0,6082808914,6082808914,5.00%,N,N,,,N,inactive,0.00%,
Zenscape,junovaloper13aacv0pmzmsmm55a5dcqqdak275j38u5rk9dg7,0,6048453254,6048453254,5.00%,N,N,,,N,inactive,0.00%,
01node,junovaloper17mggn4znyeyg25wd7498qxl7r2jhgue8swpngk,0,5974558719,5974558719,5.00%,N,N,,,N,inactive,0.00%,
Chainflow,junovaloper1snn4uhxh04gzpgk4l8naw3n6fu7ucwx35yj8aj,0,5713525161,5713525161,5.00%,N,N,,,N,inactive,0.00%,
a41,junovaloper19cdcyqej774srr90qdyxggdf3hcqzq9mknqutc,0,5596720956,5596720956,5.00%,N,N,,,N,inactive,0.00%,
Stakin,junovaloper1xdywquvz5g6r5wv6tpkj6chad0fkk459gf9ny6,0,5341978851,5341978851,10.00%,N,N,,,N,inactive,0.00%,
ChainLayer,junovaloper1kgddca7qj96z0qcxr2c45z73cfl0c75pjjs360,0,4961151529,4961151529,5.00%,N,N,,,N,inactive,0.00%,
SHUTTING DOWN PLEASE REDELEGATE,junovaloper1u6q84vthrx54d6tmpycvpc8z557wg0etn037lx,0,4280644823,4280644823,5.00%,N,N,,,N,inactive,0.00%,
BlackNodes,junovaloper1ytlms83e2qjan94y0nxl6vlm2gjgxp44varq2z,0,3977422406,3977422406,5.00%,N,N,,,N,inactive,0.00%,
please redelegate,junovaloper1dt93l3qgmhhlp97srjyqyendrgu9nx0ssa20f3,0,3366672079,3366672079,5.00%,N,N,,,N,inactive,0.00%,
Crypteloid,junovaloper1m55p4c956dawa95uhzz027p4pwm3fedfkdtnyj,0,3345251240,3345251240,5.00%,N,N,,,N,inactive,0.00%,
Architect Nodes,junovaloper1hvhyunq7qvykzvrcnhjj4xnkcla58xusk6r60g,0,3301337890,3301337890,5.00%,N,N,,,N,inactive,0.00%,
Flywheel A&M | Powered by NextNet.Works,junovaloper1g4yxykw8ac3h0rnn9glchc2naz53hpj9wa77al,0,3268721969,3268721969,5.00%,N,N,,,N,inactive,0.00%,
milkstake,junovaloper1mkwjmcya6329eyjkswlzeshaqsuc2m5q0mn04y,0,3073322221,3073322221,10.00%,N,N,,,N,inactive,0.00%,
STC Capital,junovaloper1qcrjhyp0x7ft5k0duz8gxx4cmwqaxv7lr0lxa5,0,3056219353,3056219353,10.00%,N,N,,,N,inactive,0.00%,
Sarvodaya Validators,junovaloper1rqlg705s4ghtu42a58qgncfz6w80jwflaad05j,0,3008435875,3008435875,5.00%,N,N,,,N,inactive,0.00%,
ShuttingDown,junovaloper1y3aaqvxn6hyqh05ektsy0zrymvne3qcqkqggve,0,2996193916,2996193916,20.00%,N,N,,,N,"inactive, commission>10%",0.00%,
Simply Staking,junovaloper124maqmcqv8tquy764ktz7cu0gxnzfw54l2d073,0,2981164774,2981164774,5.00%,N,N,,,N,inactive,0.00%,
BasBlock,junovaloper142vtwu440zchsws4llnq5rknmslvw2fx55yswx,0,2947341284,2947341284,8.00%,N,N,,,N,inactive,0.00%,
Interstellr,junovaloper1sjq3sxz55eqs4jfvmgaw4p5j5xzwwdwvm2aqaz,0,2683817481,2683817481,5.00%,N,Y,,,N,bottom_5%_stake,0.00%,
QuantumNode.io - Token and NFT airdrops to all delegators,junovaloper1297950qqq6yxhgsms6t5dks66gyk6sctplnyd7,0,2613015553,2613015553,5.00%,N,N,,,N,inactive,0.00%,
Please Redelegate to other validator,junovaloper1jxv0u20scum4trha72c7ltfgfqef6nscm9pmg2,0,2494279706,2494279706,5.00%,N,N,,,N,inactive,0.00%,
⊤⊥,junovaloper1kg99k8wd67r0ffxwavgnxup7yk46rvtt2r4szg,0,2380605216,2380605216,5.00%,N,N,,,N,inactive,0.00%,
Tradooors [Closing 3/31 Redelegate],junovaloper1ssptq8zljxmvm9h7g5yaxyv9khpf84793dkt3j,0,2310217125,2310217125,5.00%,N,N,,,N,inactive,0.00%,
Aqua Wellspring 💧,junovaloper1rue2fn8h0skd2xe3tsmjqqs6cwn4rqgk2s9vr6,0,2262108464,2262108464,100.00%,N,N,,,N,"inactive, commission>10%",0.00%,
"Please redelegate, closing down 30/6",junovaloper1wke3ev9ja6rxsngld75r3vppcpet94xx4m43gu,0,2259079951,2259079951,5.00%,N,N,,,N,inactive,0.00%,
BH - closing,junovaloper1ss7vkqzfal7h4m8ug8lh8peqqyt7vq3s33yv7a,0,2241906242,2241906242,5.00%,N,N,,,N,inactive,0.00%,
DAO Maximalist,junovaloper18qw9ydpewh405w4lvmuhlg9gtaep79vy44dycn,0,2199382794,2199382794,5.00%,N,N,,,N,inactive,0.00%,
Levana 🐉 Powered by Cros Nest,junovaloper1r548wap0a96rfqj0s9lwcylnqe90v7wvgtqssf,0,2099271696,2099271696,5.00%,N,N,,,N,inactive,0.00%,
elsehow,junovaloper175q6smvgnuec5e62rs4chnu5cs8d98q2e4l6cl,0,2021129776,2021129776,10.00%,N,N,,,N,inactive,0.00%,
DEUS LABS,junovaloper17skjxhtt54prnpxcs7a5rv9znlldpe5k3x99gp,0,2005513711,2005513711,8.00%,N,N,,,N,inactive,0.00%,
MEME-Foundation,junovaloper1hslxk7km5z6srvmr993hsgcdxnezg8a5kt45zf,0,1975932135,1975932135,5.00%,N,N,,,N,inactive,0.00%,
3stakes.com,junovaloper1lleut9n2j8rww87pzqu92l4rjtm72nv82ew08c,0,1913959699,1913959699,5.00%,N,N,,,N,inactive,0.00%,
[Beehive],junovaloper16p8274n5zaeaqv2u7msu27p54clum56grzz5zk,0,1877784327,1877784327,5.00%,N,N,,,N,inactive,0.00%,
Shutting Down Redelegate,junovaloper1rqmmaxkzy3jujgatn2walhnjf92zye7myf79mx,0,1529294768,1529294768,9.00%,N,N,,,N,inactive,0.00%,
HEXXAGON,junovaloper1hgh0pgpjmvcfsyl3qg7axux0fx4q469m8nel0p,0,1468500073,1468500073,5.00%,N,N,,,N,inactive,0.00%,
[SHUTTING DOWN] PLEASE REDELEGATE,junovaloper1244ahujswqc5ce784mkvsxsyrjwdxkhrtj27ca,0,1406806665,1406806665,5.00%,N,N,,,N,inactive,0.00%,
GOAT V 🐐🚀,junovaloper189p0ze3jue9vxhm8pe3jy0gn3vkgyf2jhewtls,0,1369303010,1369303010,5.00%,N,Y,,,N,bottom_5%_stake,0.00%,
Interbloc,junovaloper15004ysvmqnqzkvt7x6s4cd53flmmvgfvpgmrc5,0,1350492439,1350492439,5.00%,N,N,,,N,inactive,0.00%,
Blockpower,junovaloper179fv09z9lhsyduf5xkgyc3ytelljtddxtgylgh,0,1337153489,1337153489,5.00%,N,N,,,N,inactive,0.00%,
stakelan,junovaloper1t5h2yjst9x673eqgtljeh94d5tk826e7xnald8,0,1210193810,1210193810,5.00%,N,N,,,N,inactive,0.00%,
Earn Network,junovaloper10gqlzj5cv4lq2tu8zwrz4c7nezukj3ukay7swq,0,1179573949,1179573949,5.00%,N,N,,,N,inactive,0.00%,
Bored Ape Server,junovaloper1ztx53a02e292sf7gedj56f29ynvmcas03kz09c,0,1076749401,1076749401,5.00%,N,N,,,N,inactive,0.00%,
Invicta Stake,junovaloper19w9huamhq32shes95dr4kmqequ5pe450up6wvf,0,1039434048,1039434048,5.00%,N,N,,,N,inactive,0.00%,
HashKey Cloud,junovaloper1cgh5ksjwy2sd407lyre4l3uj2fdrqhpkw6wmfv,0,1033373230,1033373230,10.00%,N,N,,,N,inactive,0.00%,
commercio.network,junovaloper1v4ukcu8pty0tzdd2kwausw0wtdt5pwx8q9zrek,0,998132035,998132035,5.00%,N,N,,,N,inactive,0.00%,
dimi 🦙,junovaloper1s33zct2zhhaf60x4a90cpe9yquw99jj0ay9g6j,0,923255146,923255146,5.00%,N,N,,,N,inactive,0.00%,
SHUTTING DOWN,junovaloper170hk97tm6nhrygx463ec38n6q8z4h6sv8tugam,0,767331334,767331334,5.00%,N,N,,,N,inactive,0.00%,
Interop (shutting down Feb 28th 2024),junovaloper1u9xeaqdjz3kky2ymdhdsn0ra5uy9tc3e6685u6,0,697604000,697604000,8.00%,N,N,,,N,inactive,0.00%,
Antrix Validators,junovaloper15jzyvydxj7x94rxcmqzcd7x84zvk5sy0832kdk,0,588419338,588419338,5.00%,N,N,,,N,inactive,0.00%,
Agaram.ai,junovaloper1n6sqhcpypv9ln7f5x3mxleh4rdqr3vz5tymw9e,0,582049790,582049790,5.00%,N,N,,,N,inactive,0.00%,
The Expanse | Infinite Possibilities,junovaloper19cg7hegkp7z5gpv8xgm3y0wxkzzmw8knsc28rg,0,559405775,559405775,5.00%,N,N,,,N,inactive,0.00%,
SoloNation.io,junovaloper1jkfmt9tgkgsqy023a4e3p750ek8t2uxs4945yn,0,493549286,493549286,5.00%,N,N,,,N,inactive,0.00%,
Validavia,junovaloper1cj500uet7ssegwsmh24kt0hjw89ugez0q4wylf,0,483669613,483669613,5.00%,N,N,,,N,inactive,0.00%,
[Decommissioned. Please redelegate.] Forbole,junovaloper1pvwqfze548z95sdhun58trrvxhlhfrvky5ejtk,0,473043518,473043518,100.00%,N,N,,,N,"inactive, commission>10%",0.00%,
nysa.network,junovaloper1sfw4nl8fq9u3987vand6yjwdhvgw5phewpvg3l,0,432497966,432497966,7.00%,N,N,,,N,inactive,0.00%,
metil,junovaloper1x3g7eljx3yvg5gqt3hyf6km94r5j7gftfvcrh3,0,403488870,403488870,5.00%,N,N,,,N,inactive,0.00%,
Bi23 Labs,junovaloper1le9skfk7m6564ltcmjc4m62nevactpkdd5n4yk,0,390005998,390005998,5.00%,N,N,,,N,inactive,0.00%,
COSMØSTAKE,junovaloper1fsa7hy2qgq8xnfpnendmch3v8035529g3cwcms,0,383734136,383734136,5.00%,N,N,,,N,inactive,0.00%,
Blockdaemon,junovaloper1k0hmfxjj3thuc47057cxuhxneu8rmseuje72k5,0,381429509,381429509,7.00%,N,N,,,N,inactive,0.00%,
Wetez,junovaloper1s05va5d09xlq3et8mapsesqh6r5lqy7m6v038d,0,372867474,372867474,10.00%,N,N,,,N,inactive,0.00%,
nRide.com Validator,junovaloper176qmnrvnr5pmfret9l36xqpm87e4l3ww6mjwtv,0,365514689,365514689,5.00%,N,N,,,N,inactive,0.00%,
👋 79anvi 🍀,junovaloper10m832x3h3lv2d7t75hm26w04kly607nqqvkccp,0,361810898,361810898,5.00%,N,N,,,N,inactive,0.00%,
VALIDEXIS,junovaloper12x3cw57qhsplp4y2x7tuvq4mua9w4rggzv2afa,0,313978600,313978600,10.00%,N,N,,,N,inactive,0.00%,
DOUBLETOP,junovaloper1ew0fwm73fl4g237xhynj6dcts2dxgwdafkdrnv,0,285021253,285021253,7.00%,N,N,,,N,inactive,0.00%,
LuckyFriday.io,junovaloper1470qn8y9xy40ta3zdphn3t4tgnvhrenuql7rwt,0,280516163,280516163,5.00%,N,N,,,N,inactive,0.00%,
REDELEGATE,junovaloper1yrxgwd5sw0anscnmw07p049wnt0en533qx0722,0,278212543,278212543,5.00%,N,N,,,N,inactive,0.00%,
CLOSING - REDELGATE,junovaloper1q6d3d089hg59x6gcx92uumx70s5y5wad6yachx,0,274555456,274555456,9.89%,N,N,,,N,inactive,0.00%,
"Sr20de. Please, redelegate. Validator will be disabled on August 10th",junovaloper1aar0u2ta3x9waemz7d9ad0x228kv82a7uqgmfl,0,267389929,267389929,5.00%,N,N,,,N,inactive,0.00%,
Wave,junovaloper1ww5s8k6820cft2v75cdptesqz3kc27n333arp2,0,233365019,233365019,9.00%,N,N,,,N,inactive,0.00%,
Messi,junovaloper16467xlswtq874gj30lrwgae2jqfn64du24w7wx,0,211447473,211447473,5.00%,N,N,,,N,inactive,0.00%,
nixowedip,junovaloper13srvt078sl2f8vluvyrjd6wew800vdsnk6l8zk,0,197990223,197990223,5.00%,N,N,,,N,inactive,0.00%,
K-BLOCK,junovaloper1200yhj9ptjv78huj804z5lwz7kahhd458pmqdr,0,190668768,190668768,5.00%,N,N,,,N,inactive,0.00%,
Mr.K,junovaloper1cv4leeaavx5lu5n7jgrdklt76rgx2xtdgczfwv,0,164134544,164134544,5.00%,N,N,,,N,inactive,0.00%,
Redelegate please,junovaloper1n74zmyvm554yhspdtgpkv0rnedxc3e8neu2v55,0,161764781,161764781,5.00%,N,N,,,N,inactive,0.00%,
Undelegate | The Crypto Gateway,junovaloper1c3svv8kgq5w37r2ge0ux74dz8kpkrza7v8jg9w,0,158476426,158476426,5.00%,N,N,,,N,inactive,0.00%,
"This node will go down, please redelegate asap",junovaloper1qpnrhv3uuzkhgneurk203pxpdp7tzmur552qms,0,151550566,151550566,5.00%,N,N,,,N,inactive,0.00%,
carbonZERO🌲 | 30% TO DAO,junovaloper1xvm3d0k8gwuptdvcvy9udp0j9l9pm8dzwt65ut,0,150852575,150852575,5.00%,N,N,,,N,inactive,0.00%,
MAGELAN,junovaloper1q67q32lhwwup32cn35v2d9qf2jeh2n9s5z3w43,0,135550658,135550658,5.00%,N,N,,,N,inactive,0.00%,
Jupiter,junovaloper1d9qtem5hjk8y6qrq6jdcm2wgajqssuvd25ymz7,0,129772189,129772189,5.00%,N,N,,,N,inactive,0.00%,
Plurigrid,junovaloper184faqy958htcwzhgxqrpv0e3kcwhr3yqzqst0f,0,123407484,123407484,5.00%,N,N,,,N,inactive,0.00%,
securityDAO,junovaloper1n33nhm7fes7umlw58lld77pkgh7qlp8lhupe76,0,118702522,118702522,11.37%,N,N,,,N,"inactive, commission>10%",0.00%,
OWALLET,junovaloper1avqy4mqg3fexnkcg533qwzc93x4mycdek67wgy,0,110939610,110939610,5.00%,N,N,,,N,inactive,0.00%,
dForce,junovaloper1cc99d3xcukhedg4wcw53j7a9q68uza70jhqgfg,0,105907885,105907885,5.00%,N,N,,,N,inactive,0.00%,
Coef 120,junovaloper1kq9xehhmgl6yv850y8r273e2z5qtus30srxx83,0,102080994,102080994,5.00%,N,N,,,N,inactive,0.00%,
Albara,junovaloper14ym8eg2y2790ukngeqgsncmz5egta2h2h3weun,0,101999599,101999599,5.00%,N,N,,,N,inactive,0.00%,
SolidStake,junovaloper1pdaytfw658846at9tle2tgezgv9vj52vuc4tm0,0,98709943,98709943,5.00%,N,N,,,N,inactive,0.00%,
TR-3B ASTRA,junovaloper1av9s094qhy56egrrqxpdyzjcupde3v48y5nva5,0,95266066,95266066,5.00%,N,N,,,N,inactive,0.00%,
Station8,junovaloper15xl8lrtz65dm7yqtnpntmmv7asl0jqk82r4nae,0,94763701,94763701,5.00%,N,N,,,N,inactive,0.00%,
NodeStake,junovaloper1ktns465hmtp80t34s6tldvdyxs807e8faugymd,0,91994297,91994297,5.00%,N,N,,,N,inactive,0.00%,
Malder,junovaloper1jw8rl2t8g530yzwv6pn6xt5xcjkwfz8hzm5asq,0,73356902,73356902,5.00%,N,N,,,N,inactive,0.00%,
Valligator 🐊,junovaloper1dpvrxryu22vcdghpnfw90u4pevpgk9crrkgry4,0,65659974,65659974,20.00%,N,N,,,N,"inactive, commission>10%",0.00%,
StakeTartare,junovaloper1vqun68xz03pj63njyqse09rmzjwkdj84nagera,0,61980508,61980508,5.00%,N,N,,,N,inactive,0.00%,
DECOMMISSIONED,junovaloper1j3hyu6hfvup7scca9jah3r02glpdh7xemjhxd4,0,59027479,59027479,10.00%,N,N,,,N,inactive,0.00%,
VALIDARIOS,junovaloper1h53j7ayqlp6ld3njt5h3jleeus50lyle3rukqe,0,52886214,52886214,5.00%,N,N,,,N,inactive,0.00%,
Insight Finance,junovaloper1kkqy7vc58txjj67m2xg4q440rdmw4el2e6h8fr,0,51822036,51822036,5.00%,N,N,,,N,inactive,0.00%,
Validatrium.com,junovaloper1kefmunkqureju38j2s6jdjk5tvug6ewtz5ws6a,0,44821129,44821129,10.00%,N,N,,,N,inactive,0.00%,
LMECripto,junovaloper1skc8aut895jvg4hdxx7q89sus5x63edezqxz3r,0,39366085,39366085,5.00%,N,N,,,N,inactive,0.00%,
kytzu,junovaloper1wtv0kp6ydt03edd8kyr5arr4f3yc52vpa8t8p2,0,37810880,37810880,5.00%,N,N,,,N,inactive,0.00%,
SHUTDOWN NODE | REDELEGATE,junovaloper17rl2chwufuvaetwc0vqane04sr8luhzcf874r6,0,32184078,32184078,10.00%,N,N,,,N,inactive,0.00%,
Pati,junovaloper1a879gp98rqs2gqsqjnc8av7vgnmh94aywzpyhl,0,28997100,28997100,10.00%,N,N,,,N,inactive,0.00%,
redelegate_please,junovaloper1xc4ujgkk5ss765vdhregmndxzkgqhpfkayzv6g,0,28992298,28992298,5.00%,N,N,,,N,inactive,0.00%,
SeganJ,junovaloper1er9dwgh4lzfwvy3qde82vef3fafg0l07hhp5w0,0,28004422,28004422,5.00%,N,N,,,N,inactive,0.00%,
Please undelegate,junovaloper1hy0ghet66ckm6ejmnh8eaawqadf7gp22d2y3lf,0,26231885,26231885,5.00%,N,N,,,N,inactive,0.00%,
Dilay,junovaloper1wukvsnakslx4qupegw5n7fwavlzwgk7ajxgg2j,0,20013691,20013691,5.00%,N,N,,,N,inactive,0.00%,
Huginn,junovaloper124zdfuezwxhupszd2emylge6k9hdl0af32h7ze,0,19477309,19477309,5.00%,N,N,,,N,inactive,0.00%,
Stakefy,junovaloper1n4mcuz6eukfqtnc0zsvzgxut87xg3npyux9mpm,0,19091669,19091669,10.00%,N,N,,,N,inactive,0.00%,
NodeMgr,junovaloper1efrfyvlmr87aksdx4fhvnwm6h3cfemq0rg789p,0,16655365,16655365,5.00%,N,N,,,N,inactive,0.00%,
Juno Outreach DAO,junovaloper1pvuxgpct3n8pk4dk2vsvuz2y9tav62ug2c8n093dhzh5qqqe3w3qzgq2d7,0,15000000,15000000,5.00%,N,N,,,N,inactive,0.00%,
White Marlin Staking,junovaloper18wkkhsrsw7gwl3z9gn6e25ag3sn0crzp3g0zkl,0,14029443,14029443,5.00%,N,N,,,N,inactive,0.00%,
StarCluster,junovaloper19pv2aqe63c849j9hdnqhytrs9h8uukwqeynuat,0,11794192,11794192,10.00%,N,N,,,N,inactive,0.00%,
nodeworld,junovaloper1x4099qczhcsv8k67an9r952mcna68zey99ppyk,0,11340727,11340727,5.00%,N,N,,,N,inactive,0.00%,
Consensus-Guards,junovaloper1yvc0sefqy9f8t852r97mnetuk6u85hupqlul2p,0,11008906,11008906,10.00%,N,N,,,N,inactive,0.00%,
Pequod,junovaloper1pa5md4yuw07d32stnh0pfp2ndt84sczj3d4cjw,0,10998900,10998900,10.00%,N,N,,,N,inactive,0.00%,
ICEBREAKER,junovaloper1xxz3vnr4gvv3s6rzmeavstk39c00z2m5s02763,0,10577322,10577322,5.00%,N,N,,,N,inactive,0.00%,
Fist of the North Star,junovaloper15qpazr8ygkgy2sqc33wkr3q6tzmnrupx9xcr07,0,9999005,9999005,6.00%,N,N,,,N,inactive,0.00%,
Do not delegate,junovaloper1nj5eq3pszk6wk4tytjzya4vwaqvf3y7kjhw22n,0,9008123,9008123,5.00%,N,N,,,N,inactive,0.00%,
Lydia Labs,junovaloper1xw6cxkqdpe2l7eegl39s2gej06kyry46zf6hn0,0,8999100,8999100,5.00%,N,N,,,N,inactive,0.00%,
AnalyticDynamix,junovaloper15acsr3568j43yqp2sa3ngaaxvaqs40zewlnmyg,0,8056295,8056295,5.00%,N,N,,,N,inactive,0.00%,
DO NOT DELEGATE HERE,junovaloper1me5ts52qg98s76nketn5gckj9p6nu9zc79a68u,0,6146010,6146010,5.00%,N,N,,,N,inactive,0.00%,
Expedition Juno,junovaloper1ps0cgfpywgsc0n43javvcdqa0eqyjsmjhzwdeg,0,5499901,5499901,5.00%,N,N,,,N,inactive,0.00%,
LogiCrypt,junovaloper1rerlmsw8urn2wcr898pja6py2x2cpgf3pfzlu6,0,5009500,5009500,5.00%,N,N,,,N,inactive,0.00%,
Shutdown,junovaloper1k9cjml2nn2cfqpw75ragfy0wadjtmlgyc4za2l,0,5008602,5008602,10.00%,N,N,,,N,inactive,0.00%,
gladder,junovaloper18rk2nfz7u7294gzlwx7nunudje5kul6w62akq6,0,4009605,4009605,5.00%,N,N,,,N,inactive,0.00%,
juno-mainnet-sk,junovaloper17uvf0rvjt68v0k9he33djvxg8v9kyaf5je7yg7,0,4007276,4007276,5.00%,N,N,,,N,inactive,0.00%,
qf3l3k,junovaloper14yd4q0lp7meujqvexvjxfgu5wd7zelheqpnqqz,0,3999600,3999600,5.00%,N,N,,,N,inactive,0.00%,
SOLAR Validator,junovaloper1vd02f9cshv2ur4zvm68zgvwxsmtpn69kqhdv4p,0,3979973,3979973,5.00%,N,N,,,N,inactive,0.00%,
syncnode,junovaloper19j2hd230c3hw6ds843yu8akc0xgvdvyuw7dw66,0,3885479,3885479,10.00%,N,N,,,N,inactive,0.00%,
REDELEGATE,junovaloper164a805d3zq6yealtfzh5y0vvjna882y2fujmhp,0,3392858,3392858,5.00%,N,N,,,N,inactive,0.00%,
offline,junovaloper1mzxz7c8ek62zpk5vwp5fg7u7dx39uxj8ts0gdv,0,2999700,2999700,5.00%,N,N,,,N,inactive,0.00%,
vv3po,junovaloper1scjnqmc4aprrej7wmlvltufsj5q6gs43z6mplr,0,2074967,2074967,5.00%,N,N,,,N,inactive,0.00%,
Angel Protocol,junovaloper14rh74wew4gwcp0xddekdk400p5r9qvd0uv40p2,0,1999804,1999804,100.00%,N,N,,,N,"inactive, commission>10%",0.00%,
CoolCat by Digital Kitchen,junovaloper1626v0ct6cdtnx5kme9ycs09x06e8vnn7q3j8vu,0,1689514,1689514,5.00%,N,N,,,N,inactive,0.00%,
Komikuri,junovaloper1j7euyj85fv2jugejrktj540emh9353ltgppc3g,0,1669900,1669900,8.88%,N,N,,,N,inactive,0.00%,
Obi,junovaloper14ts0j42qkpr43a3tgxr7zz6l6zdf7hdethuxxd,0,1534210,1534210,5.00%,N,N,,,N,inactive,0.00%,
Cocorech,junovaloper1u8zm7zk9w4n0h9x4fyxq936axv6xe4y73qtlyd,0,1356015,1356015,5.00%,N,N,,,N,inactive,0.00%,
Hindsight,junovaloper1xzazvxepd4x62refq45czlhgulf6xmt8dqhr3k,0,1199900,1199900,5.00%,N,N,,,N,inactive,0.00%,
Vault Staking,junovaloper1x7xkvflswrxnkwd42t55jxl9hkhtnnltm36k4r,0,1170000,1170000,5.00%,N,N,,,N,inactive,0.00%,
VoidStake,junovaloper12t53fc7yl34psqylanekcwvu45lm2wu420kyg2,0,1150526,1150526,5.00%,N,N,,,N,inactive,0.00%,
MartianForest,junovaloper1hu22k8kjlvdqthfpj39p7q3a4rkeup3z9tlq8s,0,1099442,1099442,5.00%,N,N,,,N,inactive,0.00%,
DOMA🏠NODES,junovaloper1eslgmvrdyfr7rzkur93q7u6wnknv56lrwsht0c,0,1097896,1097896,5.00%,N,N,,,N,inactive,0.00%,
mbrazen,junovaloper1fgt8za7gs87ulr9ny9jnm48c5tvauwnwfma684,0,1009910,1009910,5.00%,N,N,,,N,inactive,0.00%,
checkmate,junovaloper1znzl2nsn7za3ejtkxsx77g22r8ry0386kfhc77,0,1009903,1009903,5.00%,N,N,,,N,inactive,0.00%,
✨starchild.stars,junovaloper1yrflehtlc52dwv8ugwr8m2jgvu93a7gnkyuzsq,0,1009902,1009902,5.00%,N,N,,,N,inactive,0.00%,
Blockport,junovaloper1x6zpulz2s3a2prljtpqjn8tew69qe3l23dz9z7,0,1009901,1009901,5.00%,N,N,,,N,inactive,0.00%,
sainttech,junovaloper1vp4xljeylw36866gnm8gtfaw2rv2df24sns2sr,0,1009901,1009901,5.00%,N,N,,,N,inactive,0.00%,
CauseLessHarmDAO,junovaloper1daf07ltw44wyxvp9358kdzsj3pfq57aut5dqfu,0,1009901,1009901,10.00%,N,N,,,N,inactive,0.00%,
4000validator,junovaloper1wsq0wp50pt9zmakxpzc5m7f5f5yknqfwgdwjdc,0,1009901,1009901,5.00%,N,N,,,N,inactive,0.00%,
IceFrosTv2,junovaloper1upt70vzj5ug5tmrgsx4quusuj6h73syjz0shxq,0,1009901,1009901,5.00%,N,N,,,N,inactive,0.00%,
‘jam2’,junovaloper1gea6xdwqfcex9e9pyt695u5ylc8c69yw8xnrrg,0,1009900,1009900,5.00%,N,N,,,N,inactive,0.00%,
sousam,junovaloper1g7vnxcuu22qtqrpuh0gn750esrq7yhnzfmwvfh,0,1009900,1009900,5.00%,N,N,,,N,inactive,0.00%,
PoorButHappy,junovaloper1ty57mt8ess8fry3k6llmv2m2lhj90xpqpmyk0c,0,1009900,1009900,5.00%,N,N,,,N,inactive,0.00%,
EthicalNode,junovaloper1c6ph5kkan8wvndg644vu6wnu3ef4dvc86a42kx,0,1009900,1009900,10.00%,N,N,,,N,inactive,0.00%,
Apeiron Nodes | 1% Fee,junovaloper1tmwt5q22qqafyznjhhydn2u6kwpwn2r8sgzv59,0,1009802,1009802,5.00%,N,N,,,N,inactive,0.00%,
KEgoRAval,junovaloper15r6svq3ecxzq60rzn2tx7u2vqmq5e30ryrtneu,0,1009802,1009802,5.00%,N,N,,,N,inactive,0.00%,
BlackLION,junovaloper13xuwhn3mjk3zkwhn69ct2w9eavd26q2n8r6tg4,0,1009800,1009800,5.00%,N,N,,,N,inactive,0.00%,
ACI69⚛️🇮🇹 | Free Trading Bot | Airdrops,junovaloper1kzmkj9897ahl9cn0n9xdrwed39e05vcfx5374q,0,1009701,1009701,5.00%,N,N,,,N,inactive,0.00%,
skillz-beta,junovaloper1hlx9v3wjwkywyakeum83z9evq7rdhpa080fsr8,0,999907,999907,30.00%,N,N,,,N,"inactive, commission>10%",0.00%,
0% FEES | Zoomer Labs,junovaloper1uc25srx7kf5wp7r2x4reksg92f5yqt5tcte082,0,999906,999906,5.00%,N,N,,,N,inactive,0.00%,
StakeThat,junovaloper1mmfzuqy83vl5vz2l8r4zmy9pwu3fgdevpc3an3,0,999905,999905,5.00%,N,N,,,N,inactive,0.00%,
Kersoras,junovaloper1x9rrelp6pte5fy2znysr8cks8jkhwwtn8mk9mz,0,999900,999900,5.00%,N,N,,,N,inactive,0.00%,
🛹 Stake or Die! 🐝🐝🐝,junovaloper1fy2s7er0c6uxc8hmnqfgukvkf7xh22s47w4jvf,0,999900,999900,8.00%,N,N,,,N,inactive,0.00%,
SunFace.org,junovaloper1twrgyxhra09v8k95g60tge4mdqle8q5yc9cuqc,0,999900,999900,5.00%,N,N,,,N,inactive,0.00%,
Inter Blockchain Services (formerly 3Tekos),junovaloper1te74kqdrj02shcwlmj0degvrhe2muts9u37y7t,0,999900,999900,5.00%,N,N,,,N,inactive,0.00%,
Supernova,junovaloper1d724739m72r4nlla9tdz5eqy4t8hmmhxnplda8,0,999900,999900,5.00%,N,N,,,N,inactive,0.00%,
No slashing | Mintia Decentralized,junovaloper1w8az00hy6p5gdq873sw9rvvp9whdvd6s0up0zy,0,999900,999900,10.00%,N,N,,,N,inactive,0.00%,
validator.cafe,junovaloper1w26jnzrjje9udydh0vmn0nc2nuay93zka9c87e,0,999900,999900,5.00%,N,N,,,N,inactive,0.00%,
trustednode,junovaloper1ss7cl5ftt323pm9h79nxnxqdgfd2nv7ttlsz3x,0,999900,999900,5.00%,N,N,,,N,inactive,0.00%,
Calibr,junovaloper15qdgx74pa7x7mvulqs0mp29n2sfxt40aakqegu,0,999900,999900,5.00%,N,N,,,N,inactive,0.00%,
onestaketest,junovaloper15ergmc0qgf44na9rnhqpf9lxxeh0gvzwmyf5uy,0,999900,999900,15.00%,N,N,,,N,"inactive, commission>10%",0.00%,
Blockwavelabs,junovaloper17q802krsnxmntnt8ufhhq2trx27rf9fnpserxr,0,999900,999900,5.00%,N,N,,,N,inactive,0.00%,
Stakefy,junovaloper1z4l0y0e3h8hwm9grkl34qs505utgy6g7gp9e5z,0,979910,979910,10.00%,N,N,,,N,inactive,0.00%,
NITAWA,junovaloper1jg883pqeatkj66jw0hxpv8hk2ydp99shn3wd6a,0,960019,960019,8.00%,N,N,,,N,inactive,0.00%,
Earn Stash,junovaloper1zl2hh2ae0hvxutl9d9tlsxpyk3a5n7ltwwsk6g,0,654834,654834,5.00%,N,N,,,N,inactive,0.00%,
Please Redelegate to LIFE AND CRYPTO,junovaloper1dgz54p4tm6dqk6nujstadeuenm0vr4hz35jr3j,0,620000,620000,5.00%,N,N,,,N,inactive,0.00%,
DO NOT DELEGATE HERE,junovaloper1tksh2f6fgwdpn2p73e8wvc2zkl9ey6e954hkaa,0,602442,602442,5.00%,N,N,,,N,inactive,0.00%,
Please Redelegate,junovaloper1jfsj6a0yduh5wmsktk5tzumzzlsgdz5s5fm65q,0,480000,480000,5.00%,N,N,,,N,inactive,0.00%,
CM_Validator,junovaloper16unj78sydkkj0lrvm69uu42gc8cqgxc2wgjhyd,0,349670,349670,5.00%,N,N,,,N,inactive,0.00%,
MagicLab,junovaloper1ynkmp3fgjktdcj0gnn5cttjklry5r55angl60k,0,283748,283748,5.00%,N,N,,,N,inactive,0.00%,
"Shutting down, redelegate",junovaloper1g9n52v3l6e0thg4mw4ed988t9ur6lr0dkehsk7,0,229785,229785,5.00%,N,N,,,N,inactive,0.00%,
Noderunners,junovaloper1q5ku90atkhktze83j9xjaks2p7uruag5zp6wt7,0,130000,130000,5.00%,N,N,,,N,inactive,0.00%,
StakeFrite,junovaloper1ekdheza4a0h0766ruzursdpz53j5vs7jtflx5q,0,120000,120000,5.00%,N,N,,,N,inactive,0.00%,
TerranOne is shutting down. Plz undelegate,junovaloper14hjeful9axpphxh8r7mzs2ek3uu66pvts4n227,0,109895,109895,5.00%,N,N,,,N,inactive,0.00%,
dune,junovaloper1d4u38zjqdgx2r6uk2r5hgrvarfxcyeapwtyqsm,0,100002,100002,6.00%,N,N,,,N,inactive,0.00%,
abcdjuno,junovaloper1u3czw59ysyu94lgr2cmhm06vc9ttz64wvqtgn2,0,100000,100000,10.00%,N,N,,,N,inactive,0.00%,
0% fee - GunniStake.com,junovaloper1c200tr9z6x053ttggzgwlpms2xw3ptkqr0ffqw,0,94341,94341,5.00%,N,N,,,N,inactive,0.00%,
decommissioned,junovaloper12xy55slwuzuzeyfwnv3u5mdglk05k9fgsfnhgp,0,11703,11703,5.00%,N,N,,,N,inactive,0.00%,
not_active,junovaloper1upy09fgzzzpdmgqcz2jh7642c8hp0lw3lwxve6,0,10003,10003,5.00%,N,N,,,N,inactive,0.00%,
Polaris,junovaloper1xsakv5cq2e5wcql2a3wg2wwgrhn6akzdjs04we,0,10001,10001,5.00%,N,N,,,N,inactive,0.00%,
HEILI,junovaloper1gwrxgf6l5zf2jgfh79fetxanvf34ky8x3fdmuf,0,10001,10001,10.00%,N,N,,,N,inactive,0.00%,
Quasar,junovaloper1sd4r3dhmzgasfcjv95gj3v9vc5zpwe83xpuwj0,0,10001,10001,10.00%,N,N,,,N,inactive,0.00%,
redelegate,junovaloper19sxmee96mxedlf8a0pcqfvm4zvg0qy2wqked4l,0,10000,10000,5.00%,N,N,,,N,inactive,0.00%,
levestam,junovaloper18rnglzkqtuygu3fw6m96jha7wv9kn6xyaefsmj,0,10000,10000,5.00%,N,N,,,N,inactive,0.00%,
Wind Lords Validator,junovaloper1fnzeut2sldan7luhlupemvze9wt6k8upwdlpdj,0,10000,10000,5.00%,N,N,,,N,inactive,0.00%,
HexalithNode,junovaloper1wu44v32fvlkcy0rdqtx4x2ywr7nzw4jyfhacga,0,10000,10000,5.00%,N,N,,,N,inactive,0.00%,
𓋹Great Sphinx🐫,junovaloper14e2ue0juj6rheudjqchgszx7mrk0g5hyn6jy9x,0,10000,10000,10.00%,N,N,,,N,inactive,0.00%,
UNBONDING - REDELEGATE,junovaloper1e08z4nf4c7dxmky2k8qsfe0ayfyc0my2fwv3q6,0,10000,10000,5.00%,N,N,,,N,inactive,0.00%,
INFINITY ♾️,junovaloper1kf6cge2yw0ht7u4yfmklcgtklvel5wzwwry29h,0,6010,6010,5.00%,N,N,,,N,inactive,0.00%,
InSecurityDAO,junovaloper12f9k9a922qpzcwmgt50utd5cfa5ksnl0lv8taw,0,500,500,6.28%,N,N,,,N,inactive,0.00%,
Tremont,junovaloper1fv38y5g8xwxa88g00epp2qyht3qysecvle9r6x,0,6,6,5.00%,N,N,,,N,inactive,0.00%,
Centurion,junovaloper1kuu0a4d5a50wvmhv8x0hh4snvncqr3qsfmrknp,0,4,4,5.00%,N,N,,,N,inactive,0.00%,
studentmtk,junovaloper1wjcvwh03rege9ypfy3z42f99dcd4m9cqasw8fn,0,2,2,10.00%,N,N,,,N,inactive,0.00%,
tor,junovaloper1shgwh20zdmtu63z3ls97wdsxnhrlssz9vgd3e2,0,1,1,7.00%,N,N,,,N,inactive,0.00%,