chain_id,validator_name,validator_address,target_weight
celestia,enigma,celestiavaloper107lwx458gy345ag2afx9a7e2kkl7x49y3433gj,0
celestia,conqueror,celestiavaloper10f8l8m4879h40848rsvxat797t3a5ghgdsjgzl,0
celestia,validatrium,celestiavaloper125xazqstxpav7ekrt4w8km7ccdu8ytj40xug70,0
celestia,lemniscap,celestiavaloper12t63cy8kn5n7qw77xvjn00ymcr0uuvz2vh8p79,0
celestia,Upnode,celestiavaloper133t4gpv4vhpqgfn9gr8l4u423zrglg8rkqeupr,556
celestia,cryptocrewvalidators,celestiavaloper138jl42zlxue4wpvnugcdqhxjmyd2vpt6qhs5ls,0
celestia,noders,celestiavaloper139mu0a0ucz0gmrkavm5wjar2lpx7yvxq3e25e5,0
celestia,Lavender.Five Nodes 🐝,celestiavaloper140l6y2gp3gxvay6qtn70re7z2s0gn57zcvqd22,81
celestia,galaxydigital,celestiavaloper1463wx5xkus5hyugyecvlhv9qpxklz62kyhwcts,0
celestia,b-harvest,celestiavaloper14ntfv0qkg8522xe0pvrfgqxcmnj5x466v8z3tl,0
celestia,LatamNodes,celestiavaloper14v4ush42xewyeuuldf6jtdz0a7pxg5fwrlumwf,143
celestia,forbole,celestiavaloper1593ns00rftlqp2gyu6wdmrqpgv5frv0hsf4sw2,0
celestia,Binary Builders,celestiavaloper15kpw453rgqrranltr8pcy9muryf3jjd7esw38j,774
celestia,Chorus One,celestiavaloper15urq2dtp9qce4fyc85m6upwm9xul3049gwdz0x,366
celestia,freshstaking,celestiavaloper17h2x3j7u44qkrq0sk8ul0r2qr440rwgj8g0ng0,0
celestia,kjnodes,celestiavaloper17p8y0sm76zhrtjny98tknevafvlq9860ehykz3,0
celestia,ContributionDAO,celestiavaloper17srrapx2cvqyyy4rg3menq0hn86py8f3klelhl,645
celestia,ZKV,celestiavaloper187avawwq7qhanrkxf45mayztdqsr49hu8lezdh,351
celestia,NodeStake,celestiavaloper19f0w9svr905fhefusyx4z8sf83j6et0g57nch8,443
celestia,staking4all,celestiavaloper19kr4f4ndyek6kwa0vt3w4un8he0tkekufa8t2g,0
celestia,validatus,celestiavaloper19v94c3z7ckarwsum76kaagma0wqsqhh5nl5zqg,0
celestia,brightlystake,celestiavaloper19y52qzj4hxw0u68krfptkjlm77cvth8dgum7yu,0
celestia,p-opsteam,celestiavaloper1ac4mnwg79gyvd0x5trl2fgjv07lgfas02jf378,0
celestia,IYKYK,celestiavaloper1amxp3ah9anq4pmpnsknls7sql3kras9hs8pu0g,686
celestia,project blanc,celestiavaloper1auqmdc2pnx5gxvakjdsc9v9zc4y2ga0hcaxg9x,89
celestia,kooltek68,celestiavaloper1ax83exaawlmy5p2qn22gcynrchwdntt5xvj0qu,0
celestia,Nansen | Stake to Stack Points,celestiavaloper1c9ye54e3pzwm3e0zpdlel6pnavrj9qqvjeqh0m,603
celestia,partnerstaking,celestiavaloper1clf3nqp89h97umhl4fmcqr642jz6rszcxegjc6,0
celestia,wavefive,celestiavaloper1cmaga4f6f7pttuwzfldn9067ld3090uw0e6zq8,0
celestia,blockscope,celestiavaloper1cqgzxhn3dqd58xexz8yley2wntdvym4emzvpd7,0
celestia,cumulo,celestiavaloper1cs37tvmahavw8xcnzcgyz342sh0al37ma4zqat,0
celestia,mzonder,celestiavaloper1demcj83q7nxt6gtqxlu7qsmwqpt4jspj3alr92,0
celestia,kiln,celestiavaloper1djqecw6nn5tydxq0shan7srv8j65clsfmnxcfu,0
celestia,stakin,celestiavaloper1dlsl4u42ycahzjfwc6td6upgsup9tt7cz8vqm4,0
celestia,finoaconsensusservices,celestiavaloper1e2p4u5vqwgum7pm9vhp0yjvl58gvhfc6yfatw4,0
celestia,frens,celestiavaloper1ej2es5fjztqjcd4pwa0zyvaevtjd2y5wh8xeg4,0
celestia,everstake,celestiavaloper1eualhqh07w7p45g45hvrjagkcxsfnflzdw5jzg,0
celestia,hextechnologies,celestiavaloper1ftmw4wh8dq2ljw0xq3xgg00dl7l20se3lrml7q,0
celestia,ValiDAO,celestiavaloper1gfn5m2vjqk4kcdg2zwhzgpvu60jz0f9duhu594,135
celestia,nodesguru,celestiavaloper1hm2d8e6nd5ngtlte3hlded03vgj3rer94vmdml,0
celestia,qubelabs,celestiavaloper1j2jq259d3rrc24876gwxg0ksp0lhd8gy49k6st,0
celestia,polkachu.com,celestiavaloper1jgqewpzn7dww5tlpnkypm72fm8tjznmw7ll7ls,167
celestia,cuck,celestiavaloper1jkuw8rxxrsgn9pq009987kzelkp46cgcaa7lhj,0
celestia,BlackBlocks,celestiavaloper1knn88yl08ctsdrtxvfp39jywt7rph9ptv7532y,141
celestia,stakesquid,celestiavaloper1l0zmpm02u240crndlj7hkvlj5azuglv4emfczt,0
celestia,stakelab,celestiavaloper1lqfqp2w65pjsu6hg3qg4qfp4t2t6da4a3gg8ad,0
celestia,nodeguardians,celestiavaloper1m58punvt32u07ra4p6x7krgxakye3m90rzgm4c,0
celestia,twinstake,celestiavaloper1mhux0vt6qszz8qwv8axggt02jjm7tuvdfhz78j,0
celestia,01node,celestiavaloper1murrqgqahxevedty0nzqrn5hj434fvffxufxcl,458
celestia,kek,celestiavaloper1njzuxja7aa7w2d69ldg2r8c6qhjzfcd42huq0x,0
celestia,XPRV,celestiavaloper1nwu3ugynh8m6r7aphv0uxnca84t7gnruvyye9c,311
celestia,gunter,celestiavaloper1pavac9yrlgwyw6v9yx84sttc96n9ee9zrja2u7,0
celestia,staked,celestiavaloper1pmn4cjwf26hkcpvyl322glhpdpcemcel8ca2vl,0
celestia,NakoTurk,celestiavaloper1pnzrk7yzx0nr9xrcjyswj7ram4qxlrfz28xvn6,107
celestia,mhventures,celestiavaloper1q2kaajedxm0r5xc0twdqz6atap96502d67yjyj,0
celestia,moonlet,celestiavaloper1q8teur40emyun60et4wh5z6yj5669stgz8xs59,0
celestia,stakerspace,celestiavaloper1qdfdh8stxpkj4zz46x2n9ejyyy9h0c86425yjm,0
celestia,Stakecito,celestiavaloper1qe8uuf5x69c526h4nzxwv4ltftr73v7q5qhs58,422
celestia,unbonding-pleaseredelegate,celestiavaloper1qx43f066sh6728avms4qq09cj2a3mg83dgjh22,0
celestia,chainodetech,celestiavaloper1qxeza0sa037u35p3ze8p7ka7emajvydnyjlp07,0
celestia,p2porg,celestiavaloper1r4kqtye4dzacmrwnh6f057p50pdjm8g59tlhhg,0
celestia,Imperator.co,celestiavaloper1r5xt7twqmh39ky72f4txxjrhlt2z0qwwmdal8c,250
celestia,Allnodes,celestiavaloper1rcm7tth05klgkqpucdhm5hexnk49dfda3l3hak,157
celestia,larryengineer,celestiavaloper1ryyzale2qcp3e35k0ze3kc0mpfdtw9jagcss3k,0
celestia,encapsulate(fkakingsuper),celestiavaloper1s0lankh33kprer2l22nank5rvsuh9ksa2xcd2y,0
celestia,strangelove,celestiavaloper1sl97x54v0u3extuj2zrf7h0qrrtpgpslfrjjry,0
celestia,bitnordic,celestiavaloper1slnzmhg3kwhc2c5y9atrt5jtmt3sauzzp4tguj,0
celestia,spidey,celestiavaloper1st4h4ymu52hwtl3s0n298t6adj0vputx8jw8xt,0
celestia,activenodes,celestiavaloper1t345w0vxnyyrf4eh43lpd3jl7z378rtsdn9tz3,0
celestia,Smart Stake 📈📊,celestiavaloper1tzm96yvupy3egtpg6uw0s2f4c85qayw3afwetd,337
celestia,swissstaking,celestiavaloper1u4vhh70lwlt2va7hw5evzl6sap92t0m9nqzmud,0
celestia,Easy 2 Stake,celestiavaloper1un77nfm6axkhkupe8fk4xl6fd4adz3y59fucpu,395
celestia,cosmostation,celestiavaloper1uqj5ul7jtpskk9ste9mfv6jvh0y3w34vtpz3gw,0
celestia,go,celestiavaloper1uvytvhunccudw8fzaxvsrumec53nawyj939gj9,0
celestia,keplr,celestiavaloper1uwmf03ke52vld2sa9khs0nslpgzwsm5xs5e4pn,0
celestia,Kiln,celestiavaloper1uxlf7mvr8nep3gm7udf2u9remms2jyjqa02qlj,663
celestia,ai,celestiavaloper1v5hrqlv8dqgzvy0pwzqzg0gxy899rm4klzxm07,0
celestia,alphab,celestiavaloper1v987evnk7hsqct7smdqpxqprhvlcxgt43kyewc,0
celestia,stakingcabin,celestiavaloper1vdp8q3v72mntewqqak56yk3gzz7h5ukmeym9hk,0
celestia,counterpoint,celestiavaloper1vfydl5r98zev8xc7j0mus28r63jcklsu63vuah,0
celestia,dsrv,celestiavaloper1vje2he3pcq3w5udyvla7zm9qd5yes6hzffsjxj,0
celestia,bwarelabs,celestiavaloper1vl3dkus7g0cj4lg0e2jrqk2reukmlht0ee7cr4,0
celestia,Staking Facilities,celestiavaloper1wu24jxpn9j0580ehjz344d58cf3t7lzrrgqmnr,814
celestia,Informal Systems,celestiavaloper1x20lytyf6zkcrv5edpkfkn8sz578qg5spge2ru,442
celestia,figment,celestiavaloper1xqc7w3pe38kg4tswjt7mnvks7gy4p38vtsuycj,0
celestia,meria,celestiavaloper1yecxnyegvgm5dwsx0r3jsgr74ju6mlxdwkxx8g,0
celestia,Stakely.io,celestiavaloper1yknsyf9ws4ugtv3r9g43kwqkne4zmrupcxhlth,419
celestia,w3hitchhiker,celestiavaloper1zdrz4w2pwwffdvmpum0626vycel9caay9n3pll,0
celestia,Nocturnal Labs,celestiavaloper1zqjpfxtv3yp6kdlgra4hc9zehxgvpaw82hxr5w,45
comdex-1,✅ CryptoCrew Validators #IBCgang,comdexvaloper10d87jx68zygmwagu9ggzxpept07zs7nmcpyjr6,801
comdex-1,Witval,comdexvaloper10j3t6jxqjjnz4lkh3m2af7yxcf9773r4a8z8z3,800
comdex-1,Crosnest,comdexvaloper12dseyeqwsv3lkxlks45p4fp7et4qnzn5vkavjf,800
comdex-1,klubstaking,comdexvaloper12lmnmx83p5lcndvl0zrks3fqk3wspqm0hjtzzz,0
comdex-1,StakerHouse,comdexvaloper12q4a5qvuzzn2kspe6dekkhnl77ct52dr5vpwsk,89
comdex-1,omniflix,comdexvaloper1329mxprv0lqhdqm77urzr77gva2jmxmzd3kjek,0
comdex-1,Lavender.Five Nodes 🐝,comdexvaloper140l6y2gp3gxvay6qtn70re7z2s0gn57zcpt5ph,618
comdex-1,infstones,comdexvaloper145n9js0hxfrkkufhanvwwfr3dh2m4j6cped8w6,0
comdex-1,Enigma,comdexvaloper14he9lxj0cd5qnwy0haa73sdw7jv5wn2lj7qp63,202
comdex-1,Stakewolle.com |  Auto-compound,comdexvaloper15xevj3n6eq36t62sjjrsvf6hkuryg8w3pmpqy8,700
comdex-1,Golden Ratio Staking,comdexvaloper18hrnuttvs8efncze46g7q2ujy4p4yude83kndl,346
comdex-1,AutoStake 🛡️ Slash Protected,comdexvaloper195re7mhwh9urewm3rvaj9r7vm6j63c4sd78njd,753
comdex-1,POSTHUMAN 🧬 StakeDrop,comdexvaloper1963hcznh439kspqmjj5hv5h4nk2kphvats5ujk,89
comdex-1,kalpatech,comdexvaloper1adpw4sj0p4ux698rt50k9cmd7g5cewvyn7u0h2,0
comdex-1,Mandragora,comdexvaloper1aqq8kugxxtaumkyaw47hsl6t2ads8758fd57kf,148
comdex-1,Leonoor's Cryptoman,comdexvaloper1ccmys9wyh97khl5wve89wtuc35euylnuzfhp6w,248
comdex-1,Allnodes ⚡️ 0% fee,comdexvaloper1clsxq6wk4r4wsd0wjlqaa52p4t94r06lya7h5t,766
comdex-1,POSITIVA Ultra,comdexvaloper1czs368jkxgwflufajtvr0lhg6660aeplz9s5qn,286
comdex-1,Autonomy ( Formerly PrithviDevs ),comdexvaloper1d25vszat2kf6n8vs7xz9t9avmmn3d6w86yfghm,233
comdex-1,capx,comdexvaloper1dz5hxw7dnmga0j0rzgkvlcmpuy37u4jaswel66,0
comdex-1,forbole,comdexvaloper1e4wjh48ks5j5d9702d35q360ffmf3jj2xpuf3f,0
comdex-1,Cosmos Spaces,comdexvaloper1ee63nuagkj5age25jhdytj6vawt89jqqxyw7ls,87
comdex-1,Finality,comdexvaloper1ej2es5fjztqjcd4pwa0zyvaevtjd2y5wh2dqrg,100
comdex-1,Consensus One,comdexvaloper1flh26y7f2vsam4a6snwgrqaxkhe0g2yljstdqm,204
comdex-1,zenchainlabs,comdexvaloper1flsq5dcypwrf6pjlr2vw0ws5ratv45dfysfv74,0
comdex-1,🔥STAVR🔥 REStake ON✅,comdexvaloper1g6fm6xcgzrlm9d2apf3t8xvu7wrk509wxyy5rq,64
comdex-1,StakeLab,comdexvaloper1gfe4f7urf866xte5cpmkgsw7q2u97qj06ldtj3,251
comdex-1,Zenscape,comdexvaloper1gjcv70fqf4557g8uqsk83l82fccykx0ye43ul9,116
comdex-1,EZ Staking,comdexvaloper1gjtvly9lel6zskvwtvlg5vhwpu9c9waw0u289r,51
comdex-1,citadelone,comdexvaloper1glgnuuckrkcvl90uk0ute8h0y4gdp5u8s0ahnt,0
comdex-1,polkachu.com,comdexvaloper1gp957czryfgyvxwn3tfnyy2f0t9g2p4p3447dz,800
comdex-1,Architect Nodes,comdexvaloper1hvhyunq7qvykzvrcnhjj4xnkcla58xustdw75m,343
comdex-1,bridgetower,comdexvaloper1ks4da6wzff7zdgkxydehl8ffp7k3dffc3x2q7a,0
comdex-1,Valid Blocks,comdexvaloper1l87lywr66ehhfuy3807nuwfjpmweyerdm8u602,187
comdex-1,whitewhale,comdexvaloper1mp9tca6z6z0qczdy9wps5fuhxsucre0zfevavc,0
comdex-1,sentineldvpn,comdexvaloper1ndslxsucavg3eglqe4mzge74tdx67rcnd7dawq,0
comdex-1,Cosmostation,comdexvaloper1p0a674uq64mxfgxa2h75a6k7r86hjg7pefq4zy,172
comdex-1,stakecito,comdexvaloper1qe8uuf5x69c526h4nzxwv4ltftr73v7q5dufl6,0
comdex-1,Chill Validation,comdexvaloper1qr7eckxg5zgsp40sdwr9qj2arfx5ftgpggl98t,127
comdex-1,Staketab,comdexvaloper1s9em43slvq8zk9xxkdfqgve9zxw4sha7hhkqa7,92
comdex-1,Cosmoverse,comdexvaloper1txq98fyl406jvgv723dljnnqh5d33gaajyfmpg,64
comdex-1,mysticalgirl,comdexvaloper1ty6jnra4er0uwm5ud9a04kc3vxk8a324mhrcrk,0
comdex-1,stakewithus,comdexvaloper1vj0ntz8qk9pxk7xt3n0ukdkt86j3epnva2ag7p,0
comdex-1,Validatrium-Inactive-Redelegate,comdexvaloper1wg8m5kkhrrszyvgqq2d5t9c4fd0cqqhy04tlud,232
comdex-1,⚛️NodeOf Cosmonauts - Comdex🧑‍🚀,comdexvaloper1yyc7vmzy9w2g79gswz9cx845hh7l275cw7eg2r,93
comdex-1,ChainTools,comdexvaloper1z6a9p43svtkzf5efmy78tae7qqz8p8cctyj6yg,138
comdex-1,dankuzone,comdexvaloper1zk7jdn32dejfeya3c4e3h5lyjsuhafthlrhe2f,0
comdex-1,vaultstaking,comdexvaloper1zy7uuu6cd5fde3uunlh5l40jjf24ypd6rnltv5,0
cosmoshub-4,stakingfund,cosmosvaloper1000ya26q2cmh399q4c5aaacd9lmmdqp90kw2jn,0
cosmoshub-4,ztake,cosmosvaloper102ruvpv2srmunfffxavttxnhezln6fnc54at8c,0
cosmoshub-4,mantra,cosmosvaloper103agss48504gkk3la5xcg5kxplaf6ttnuv234h,0
cosmoshub-4,bronbro,cosmosvaloper106yp7zw35wftheyyv9f9pe69t8rteumjrx52jg,0
cosmoshub-4,notional,cosmosvaloper1083svrca4t350mphfv9x45wq9asrs60cdmrflj,0
cosmoshub-4,bharvest,cosmosvaloper10e4vsut6suau8tk9m6dnrm0slgd6npe3jx5xpv,0
cosmoshub-4,onblocnode,cosmosvaloper10jzj3jjd3frna0ay08sh4zu4fpy957s49jkk7m,0
cosmoshub-4,blockdaemon,cosmosvaloper10nzaaeh2kq28t3nqsh5m8kmyv90vx7ym5mpakx,0
cosmoshub-4,gatadao,cosmosvaloper10unx6s0cdqntvrumd5hs07rgd5ytcztqh8etw6,0
cosmoshub-4,ledger,cosmosvaloper10wljxpl03053h9690apmyeakly3ylhejrucvtm,0
cosmoshub-4,cosvalidator,cosmosvaloper122j3zmqdl6d2g64qmjuqzj65gfejsvjp07yljn,0
cosmoshub-4,simplystaking,cosmosvaloper124maqmcqv8tquy764ktz7cu0gxnzfw54n3vww8,0
cosmoshub-4,strangelove,cosmosvaloper130mdu9a0etmeuw52qfxk73pn0ga6gawkxsrlwf,0
cosmoshub-4,p2p,cosmosvaloper132juzk0gdmwuxvx4phug7m3ymyatxlh9734g4w,0
cosmoshub-4,chainup,cosmosvaloper13maqgtlklmereflvg3lq3e8zrp0jsqhr8ef3kk,0
cosmoshub-4,cosmosspaces,cosmosvaloper13p5ckpmc9g2v8ez5qsxs00wadqvcc7q0qheh26,0
cosmoshub-4,tienthuattoan,cosmosvaloper13ql36flc4cdjhx08hke5vpr4dyv03aafnmvtnc,0
cosmoshub-4,nyliranet,cosmosvaloper13sduv92y3xdhy3rpmhakrc3v7t37e7ps9l0kpv,0
cosmoshub-4,cryptodungeon,cosmosvaloper13x4pynlp86prhcmtns742kgsgu7pjtzj4djh7s,0
cosmoshub-4,blockscape,cosmosvaloper13x77yexvf6qexfjg9czp6jhpv7vpjdwwkyhe4p,0
cosmoshub-4,danku,cosmosvaloper140e7u946a2nqqkvcnjpjm83d0ynsqem8dnp684,0
cosmoshub-4,Lavender.Five Nodes 🐝,cosmosvaloper140l6y2gp3gxvay6qtn70re7z2s0gn57zfd832j,223
cosmoshub-4,kysenpoolsky,cosmosvaloper146kwpzhmleafmhtaxulfptyhnvwxzlvm87hwnm,0
cosmoshub-4,polychain,cosmosvaloper14k4pzckkre6uxxyd2lnhnpp8sngys9m6hl6ml7,0
cosmoshub-4,forbole,cosmosvaloper14kn0kk33szpwus9nh8n87fjel8djx0y070ymmj,0
cosmoshub-4,dokiacapital,cosmosvaloper14lultfckehtszvzw4ehu0apvsr77afvyju5zzy,0
cosmoshub-4,cryptocrew,cosmosvaloper14qazscc80zgzx3m0m0aa30ths0p9hg8vdglqrc,0
cosmoshub-4,republiccrypto,cosmosvaloper14upntdx8lf0f49t987mj99zksxnluanvu6x4lu,0
cosmoshub-4,Quasar 🤖🧬🧠,cosmosvaloper14yncgrhz5t0j6p9yfm0eht65ltter2kqwkn6dc,118
cosmoshub-4,binancestaking,cosmosvaloper156gqf9837u7d4c4678yt3rl4ls9c5vuursrrzf,0
cosmoshub-4,POSTHUMAN 🧬 StakeDrop,cosmosvaloper157v7tczs40axfgejp2m43kwuzqe0wsy0rv8puv,472
cosmoshub-4,dragonstake,cosmosvaloper15r4tc0m6hc7z8drq3dzlrtcs6rq2q9l2nvwher,0
cosmoshub-4,ethicalnode,cosmosvaloper15uarq305pfjftjv532jakjx0p52zflzxfr8e42,0
cosmoshub-4,chorusone,cosmosvaloper15urq2dtp9qce4fyc85m6upwm9xul3049e02707,0
cosmoshub-4,wecoins,cosmosvaloper15w6ra6m68c63t0sv2hzmkngwr9t88e23r8vtg5,0
cosmoshub-4,dacm,cosmosvaloper16fnz0v4cnv5dpnj0p3gaft2q2kzx8z5hfrx6v5,0
cosmoshub-4,Informal Systems,cosmosvaloper16k579jk6yt2cwmqx9dz5xvq9fug2tekvlu9qdv,803
cosmoshub-4,kira,cosmosvaloper16qme5yxucnaj6snx35nmwze0wyxr8wfgqxsqfw,0
cosmoshub-4,stakerelax,cosmosvaloper16qnr6snzq49l6grkyu39lzchnfv3ajfdvejx55,0
cosmoshub-4,oni,cosmosvaloper16s96n9k9zztdgjy8q4qcxp4hn7ww98qkrka4zk,0
cosmoshub-4,Stakely.io,cosmosvaloper16yupepagywvlk7uhpfchtwa0stu5f8cyhh54f2,237
cosmoshub-4,freshstaking,cosmosvaloper17h2x3j7u44qkrq0sk8ul0r2qr440rwgjkfg0gh,0
cosmoshub-4,01node,cosmosvaloper17mggn4znyeyg25wd7498qxl7r2jhgue8u4qjcq,0
cosmoshub-4,Kahuna,cosmosvaloper17r0cp9zrtkvzlz7a2r09gmdxwqfyje98l3k9h6,254
cosmoshub-4,dorafactorypgs,cosmosvaloper17w8wc8y2jg2fjnkfxfw8z7a84qtuvyrgd89hm4,0
cosmoshub-4,alessandromazza,cosmosvaloper18al7yt9q5a7n7aqje9dat36efyxssyahmx2gzs,0
cosmoshub-4,Smart Stake 📈📊,cosmosvaloper18extdhzzl5c8tr6453e5hzaj3exrdlea90fj3y,143
cosmoshub-4,The_Cybernetics,cosmosvaloper18m9wncg0w74vusm4xu0mk6ha2lpdrqq7c9cjq3,179
cosmoshub-4,binancenode,cosmosvaloper18ruzecmqj9pv8ac0gvkgryuc7u004te9rh7w5s,0
cosmoshub-4,colossus,cosmosvaloper18s3k8dt73e28rraqk70u9xwtv9wlav83n5mqjx,0
cosmoshub-4,PRO Delegators,cosmosvaloper18sqvyf4ss84qree7gndph5chmm82fglsqfylwn,458
cosmoshub-4,sg1,cosmosvaloper196ax4vc0lwpxndu9dyhvca7jhxp70rmcvrj90c,0
cosmoshub-4,shapeshiftdao,cosmosvaloper199mlc7fr6ll5t54w7tts7f4s0cvnqgc59nmuxf,0
cosmoshub-4,whispernode,cosmosvaloper19ecn7ljwp6el2pc5lldyauwv05ufwut9mm38r5,0
cosmoshub-4,NodeStake,cosmosvaloper19f0w9svr905fhefusyx4z8sf83j6et0g9l5yhl,328
cosmoshub-4,syncnode,cosmosvaloper19j2hd230c3hw6ds843yu8akc0xgvdvyuz9v02v,0
cosmoshub-4,ECO Stake 🌱 | REStake.app,cosmosvaloper1a37ze3yrr2y9nn98l6frhjskmufvd40cpyd0gq,128
cosmoshub-4,multiplex,cosmosvaloper1a4qlael79p76my9pml6thwhnnzsxyy4ajrvd9s,0
cosmoshub-4,silknodes,cosmosvaloper1aewyh4gtvayx6v7w592jdfylawk4rsu9tfvfgm,0
cosmoshub-4,huginn,cosmosvaloper1am8wmhwta4swx8f4quvffu7hqw48aujwypp0ew,0
cosmoshub-4,gumi,cosmosvaloper1atpewucekh08gc8h4e6jv8fa7p9k84mmwlzqje,0
cosmoshub-4,coinbasecustody,cosmosvaloper1c4k24jzduc365kywrsvf5ujz4ya6mwympnc4en,0
cosmoshub-4,dforce,cosmosvaloper1cc99d3xcukhedg4wcw53j7a9q68uza707vpfe7,0
cosmoshub-4,hashquark,cosmosvaloper1cgh5ksjwy2sd407lyre4l3uj2fdrqhpkzp06e6,0
cosmoshub-4,cosmostation,cosmosvaloper1clpqr4nrk4khgkxj78fcwwh6dl3uw4epsluffn,0
cosmoshub-4,coinbasecloud,cosmosvaloper1crqm3598z6qmyn2kkcl9dz7uqs4qdqnr6s8jdn,0
cosmoshub-4,stir,cosmosvaloper1d0aup392g3enru7eash83sedqclaxvp7fzh6gk,0
cosmoshub-4,witval,cosmosvaloper1ddle9tczl87gsvmeva3c48nenyng4n56nghmjk,0
cosmoshub-4,cosmicvalidator,cosmosvaloper1de7qx00pz2j6gn9k88ntxxylelkazfk3g8fgh9,0
cosmoshub-4,easy2stake,cosmosvaloper1e0plfg475phrsvrlzw8gwppeva0zk5yg9fgg8c,0
cosmoshub-4,binaryholdings,cosmosvaloper1e4vye322gkjx8n85jgcclnc7nvdvu82axnr5ll,0
cosmoshub-4,citizencosmos,cosmosvaloper1e859xaue4k2jzqw20cv6l7p3tmc378pc3k8g2u,0
cosmoshub-4,lunamint,cosmosvaloper1ec3p6a75mqwkv33zt543n6cnxqwun37rr5xlqv,0
cosmoshub-4,boubounode,cosmosvaloper1eh5mwu044gd5ntkkc2xgfg8247mgc56fz4sdg3,0
cosmoshub-4,kalpatech,cosmosvaloper1ehkfl7palwrh6w2hhr2yfrgrq8jetgucudztfe,0
cosmoshub-4,commonshub,cosmosvaloper1ehlmvdvgkpfcx8f07l929udjerc9mtyhl07ynp,0
cosmoshub-4,frens,cosmosvaloper1ej2es5fjztqjcd4pwa0zyvaevtjd2y5wxxp9gd,0
cosmoshub-4,stargaze,cosmosvaloper1et77usu8q2hargvyusl4qzryev8x8t9wwqkxfs,0
cosmoshub-4,sikka,cosmosvaloper1ey69r37gfxvxg62sh4r0ktpuc46pzjrm873ae8,0
cosmoshub-4,compass,cosmosvaloper1ff0dw8kawsnxkrgj7p65kvw7jxxakyf8n583gx,0
cosmoshub-4,stakin,cosmosvaloper1fhr7e04ct0zslmkzqt9smakg3sxrdve6ulclj2,0
cosmoshub-4,commercionetwork,cosmosvaloper1fqzqejwkk898fcslw4z4eeqjzesynvrdfr5hte,0
cosmoshub-4,🛡️Bunkerstake.io,cosmosvaloper1fs0vl7jem78pmhladkludtkun3cgkrwkt8czur,129
cosmoshub-4,crosnest,cosmosvaloper1fsg635n5vgc7jazz9sx5725wnc3xqgr7awxaag,0
cosmoshub-4,tessellated,cosmosvaloper1fun809ksxh87nzf88yashp9ynjz6xkscrtvzvw,0
cosmoshub-4,Provalidator,cosmosvaloper1g48268mu5vfp4wk7dk89r0wdrakm9p5xk0q50k,610
cosmoshub-4,Enigma,cosmosvaloper1gah0q9gqypnr7ufzg0dcda3k6v8qp4ceddn8fs,199
cosmoshub-4,Keplr,cosmosvaloper1gf3dm2mvqhymts6ksrstlyuu2m8pw6dhfp9md2,714
cosmoshub-4,stakewolle,cosmosvaloper1gf4wlkutql95j7wwsxz490s6fahlvk2s9xpwax,0
cosmoshub-4,ezstaking,cosmosvaloper1gjtvly9lel6zskvwtvlg5vhwpu9c9waw7sxzwx,0
cosmoshub-4,polkachu.com,cosmosvaloper1gp957czryfgyvxwn3tfnyy2f0t9g2p4pqeemx8,326
cosmoshub-4,stakelab,cosmosvaloper1gpx52r9h3zeul45amvcy2pysgvcwddxrgx6cnv,0
cosmoshub-4,iqlusion,cosmosvaloper1grgelyng2v6v3t8z87wu3sxgt9m5s03xfytvz7,0
cosmoshub-4,vortexlive,cosmosvaloper1gxju9ky3hwxvqqagrl3dxtl49kjpxq6wlqe6m5,0
cosmoshub-4,smartnodes,cosmosvaloper1hdrlqvyjfy5sdrseecjrutyws9khtxxaux62l7,0
cosmoshub-4,figment,cosmosvaloper1hjct6q7npsspsg3dgvzk3sdf89spmlpfdn6m9d,0
cosmoshub-4,cosmosrescue,cosmosvaloper1hkqejlyrj9h8knms9hwvrnp9xhqvjqlseh06vq,138
cosmoshub-4,prism,cosmosvaloper1hmd535f69t3x262m6s9wc6jd0dmel2zevhyuhm,0
cosmoshub-4,chainflow,cosmosvaloper1j0vaeh27t4rll7zhmarwcuq8xtrmvqhudrgcky,0
cosmoshub-4,stakewithus,cosmosvaloper1jlr62guqwrwkdt4m3y00zh2rrsamhjf9num5xr,0
cosmoshub-4,blocksunited,cosmosvaloper1jmykcq8gylmy5tgqtel4xj4q62fdt49sl584xd,0
cosmoshub-4,Node Guardians,cosmosvaloper1jst8q8flpn94u9uvkpae8mrkk3a5pjhxx529z2,124
cosmoshub-4,sygnum,cosmosvaloper1jx7uhnrg8pylqydtxwykc288mzh24866emytpa,0
cosmoshub-4,ping,cosmosvaloper1jxv0u20scum4trha72c7ltfgfqef6nsch7q6cu,0
cosmoshub-4,Stakecito,cosmosvaloper1k2d9ed9vgfuk2m58a2d80q9u6qljkh4vfaqjfq,430
cosmoshub-4,Trust Nodes,cosmosvaloper1k6e7l0lz497l8njqjxpd3g4wlkdfwe93uqf03k,337
cosmoshub-4,defiwallet,cosmosvaloper1keltez56g3zm9w8wr8gcmmulze48g2q3usuw8c,0
cosmoshub-4,chainlayer,cosmosvaloper1kgddca7qj96z0qcxr2c45z73cfl0c75p7f3s2e,0
cosmoshub-4,huobi,cosmosvaloper1kn3wugetjuy4zetlq6wadchfhvu3x740ae6z6x,0
cosmoshub-4,stakeseekerbybtcs,cosmosvaloper1kyfce0nvluyhgfsdzz8hwrsf5336gsc95pyy4u,0
cosmoshub-4,stakezone,cosmosvaloper1lcwxu50rvvgf9v6jy6q5mrzyhlszwtjxhtscmp,0
cosmoshub-4,umbrella,cosmosvaloper1lktjhnzkpkz3ehrg8psvmwhafg56kfss3q3t8m,0
cosmoshub-4,bitvalidator,cosmosvaloper1lkujuk2004p3w42tgvuvqnsdmsq8u6jqkwf9wj,0
cosmoshub-4,node101,cosmosvaloper1lrzxwu4dmy8030waevcpft7rpxjjz26cpzvumd,0
cosmoshub-4,Citadel.one,cosmosvaloper1lzhlnpahvznwfv4jmay2tgaha5kmz5qxerarrl,345
cosmoshub-4,dhkdao,cosmosvaloper1m73mgwn3cm2e8x9a9axa0kw8nqz8a492ms63vn,0
cosmoshub-4,luganodes,cosmosvaloper1m902jrk0pn4yc47zfvauqwvtq0e03nen5xgzte,0
cosmoshub-4,hashtower,cosmosvaloper1ma02nlc7lchu7caufyrrqt4r6v2mpsj90y9wzd,0
cosmoshub-4,kjnodescom,cosmosvaloper1mnjg9xhraxljrccyw9y6u22ws0fa5asa38nd2q,0
cosmoshub-4,allnodes,cosmosvaloper1n229vhepft6wnkt5tjpwmxdmcnfz55jv3vp77d,0
cosmoshub-4,0base.vc,cosmosvaloper1n3mhyp9fvcmuu8l0q8qvjy07x0rql8q46fe2xk,107
cosmoshub-4,Leap Wallet,cosmosvaloper1nesedjyngslkvgg8jxy6nuy6r4g6ty0fdk3yky,131
cosmoshub-4,CroutonDigital,cosmosvaloper1nlfrwx5t3mm3cuqqkvjv6jv24m7s2z5utzfe8s,111
cosmoshub-4,Golden Ratio Staking,cosmosvaloper1nuhls0wyf8slhmuasha5pz0u89jrf9nnugq8ak,127
cosmoshub-4,Interstellar 🍸,cosmosvaloper1nz3c4q40j8jyvg2hcljkwhe69872mnllf7v9xh,143
cosmoshub-4,cyphercore,cosmosvaloper1pjmngrwcsatsuyy8m3qrunaun67sr9x7z5r2qs,0
cosmoshub-4,westaking,cosmosvaloper1ptyzewnns2kn37ewtmv6ppsvhdnmeapvtfc9y5,0
cosmoshub-4,Ubik Capital,cosmosvaloper1q6d3d089hg59x6gcx92uumx70s5y5wadklue8s,190
cosmoshub-4,GAME,cosmosvaloper1qaa9zej9a0ge3ugpx3pxyx602lxh3ztqgfnp42,800
cosmoshub-4,in3s,cosmosvaloper1rcp29q3hpd246n6qak7jluqep4v006cdsc2kkl,0
cosmoshub-4,blockpower,cosmosvaloper1rpgtz9pskr5geavkjz02caqmeep7cwwpv73axj,0
cosmoshub-4,factor,cosmosvaloper1rwh0cxa72d3yle3r4l8gd7vyphrmjy2kpe4x72,0
cosmoshub-4,cryptostakecom,cosmosvaloper1rxvkwfw3467nxgs6r7yav6cnygkjzkkc2defr6,0
cosmoshub-4,wetez,cosmosvaloper1s05va5d09xlq3et8mapsesqh6r5lqy7mkhwshm,0
cosmoshub-4,infstones,cosmosvaloper1sd4tl9aljmmezzudugs7zlaya7pg2895ws8tfs,0
cosmoshub-4,chillvalidation,cosmosvaloper1sdz4rc95vnzh2f54sacec50vjxnmwdakfym4vh,0
cosmoshub-4,stakefish,cosmosvaloper1sjllsnramtg3ewxqwwrwjxfgc4n4ef9u2lcnj0,0
cosmoshub-4,irisnetbianjie,cosmosvaloper1ssm0d433seakyak8kcf93yefhknjleeds4y3em,0
cosmoshub-4,twinstake,cosmosvaloper1svwt2mr4x2mx0hcmty0mxsa4rmlfau4lwx2l69,0
cosmoshub-4,validatornetwork,cosmosvaloper1sxx9mszve0gaedz5ld7qdkjkfv8z992ax69k08,0
cosmoshub-4,blockhunters,cosmosvaloper1symf474wnypes2d3mecllqk6l26rwz8mfjqdus,0
cosmoshub-4,coinonenode,cosmosvaloper1te8nxpc2myjfrhaty0dnzdhs5ahdh5agzuym9v,0
cosmoshub-4,everstake,cosmosvaloper1tflk30mq5vgqjdly92kkhhq3raev2hnz6eete3,0
cosmoshub-4,rockawayxinfra,cosmosvaloper1thl5syhmscgnj7whdyrydw3w6vy80044hjpnxh,0
cosmoshub-4,stakesystems,cosmosvaloper1ualhu3fjgg77g485gmyswkq3w0dp7gys6qzwrv,0
cosmoshub-4,auditone,cosmosvaloper1udpsgkgyutgsglauk9vk9rs03a3skc62gup9ny,0
cosmoshub-4,s16researchventures,cosmosvaloper1uhnsxv6m83jj3328mhrql7yax3nge5svrv6t6c,0
cosmoshub-4,icycro,cosmosvaloper1ukpah0340rx7k3x2njnavwyjv6pfpvn632df9q,0
cosmoshub-4,neopin,cosmosvaloper1ulawrs2d3ajw083a9u6nxsyg5j93kdu6pudrag,0
cosmoshub-4,zoomerlabs,cosmosvaloper1urxrvt5dmkqpe50gwrerjly2z6nvk9exjz2j3h,0
cosmoshub-4,madeinblock,cosmosvaloper1usvshtypjw57edkwxq3tagme665398f0hf4wuc,0
cosmoshub-4,deleganetworks,cosmosvaloper1uutuwrwt3z2a5z8z3uasml3rftlpmu25aga5c6,0
cosmoshub-4,kiln,cosmosvaloper1uxlf7mvr8nep3gm7udf2u9remms2jyjqvwdul2,0
cosmoshub-4,zkv,cosmosvaloper1v5y0tg0jllvxf5c3afml8s3awue0ymju89frut,0
cosmoshub-4,terranodes,cosmosvaloper1v69lzl909kje64k8vae24uytpxcnpxgullz2dx,0
cosmoshub-4,a41,cosmosvaloper1v78emy9d2xe3tj974l7tmn2whca2nh9zp7s0u9,0
cosmoshub-4,multichain,cosmosvaloper1vf44d85es37hwl9f4h9gv0e064m0lla60j9luj,0
cosmoshub-4,Imperator.co,cosmosvaloper1vvwtk805lxehwle9l4yudmq6mn0g32px9xtkhc,631
cosmoshub-4,pupmos,cosmosvaloper1vygmh344ldv9qefss9ek7ggsnxparljlmj56q5,0
cosmoshub-4,genesislab,cosmosvaloper1wdrypwex63geqswmcy5qynv4w3z3dyef2qmyna,0
cosmoshub-4,staked,cosmosvaloper1we6knm8qartmmh2r0qfpsz6pq0s7emv3e0meuw,0
cosmoshub-4,dsrv,cosmosvaloper1wlagucxdxvsmvj6330864x8q3vxz4x02rmvmsu,0
cosmoshub-4,klubstaking,cosmosvaloper1wqy2s6nwnxj57l0l5rdjxxr646p3al6y70435m,0
cosmoshub-4,Meria,cosmosvaloper1wrx0x9m9ykdhw9sg04v7uljme53wuj03aa5d4f,306
cosmoshub-4,bigbrainstaking,cosmosvaloper1wwcp3ath738qcy3panwqxtva3w28kvqdjw5hee,0
cosmoshub-4,crowdcontrol,cosmosvaloper1x3mkgqpshvpq87d33ndsleu7gd7w47dl4ve0yy,0
cosmoshub-4,stakingfacilities,cosmosvaloper1x88j7vp2xnw3zec8ur3g4waxycyz7m0mahdv3p,0
cosmoshub-4,upbitstaking,cosmosvaloper1x8efhljzvs52u5xa6m7crcwes7v9u0nlwdgw30,0
cosmoshub-4,cosmosgbt,cosmosvaloper1x8rr4hcf54nz6hfckyy2n05sxss54h8wz9puzg,0
cosmoshub-4,quokkastake,cosmosvaloper1xqz9pemz5e5zycaa89kys5aw6m8rhgsvw4328e,0
cosmoshub-4,cosmosaf,cosmosvaloper1xsgse9yump2j35nfut2tkwh7mdtca5llcgr79d,0
cosmoshub-4,jabbey,cosmosvaloper1xwazl8ftks4gn00y5x3c47auquc62ssuqlj02r,0
cosmoshub-4,grantfish,cosmosvaloper1xym2qygmr9vanpa0m7ndk3n0qxgey3ffzcyd5c,0
cosmoshub-4,Swiss Staking,cosmosvaloper1y0us8xvsvfvqkk9c6nt5cfyu5au5tww2ztve7q,541
cosmoshub-4,moonlet,cosmosvaloper1yfnaup5wa3vdzx3wx9auhvzl85saqj37tqxqnu,0
cosmoshub-4,HighStakes.ch | Daily Airdrops,cosmosvaloper1yh089p0cre4nhpdqw35uzde5amg3qzexkeggdn,218
cosmoshub-4,cexio,cosmosvaloper1yw5s259jkcg0jzmh7sce29uk0lqqw2ump7578p,0
cosmoshub-4,kraken,cosmosvaloper1z8zjv3lntpwxua0rtpvgrcwl0nm0tltgpgs6l7,0
cosmoshub-4,interchainfm,cosmosvaloper1z96p06tf6pqeca9gatv8h9hp83z2ng4l6erxj4,0
cosmoshub-4,virtualhive,cosmosvaloper1zc0z44e42qhzltqc8qpj5qrzn836d3lftnqmgw,0
cosmoshub-4,inux,cosmosvaloper1zgqal5almcs35eftsgtmls3ahakej6jmnn2wfj,0
cosmoshub-4,melea,cosmosvaloper1zqgheeawp7cmqk27dgyctd80rd8ryhqs6la9wc,0
dydx-mainnet-1,lavenderfive,dydxvaloper140l6y2gp3gxvay6qtn70re7z2s0gn57zq7tkd8,0
dydx-mainnet-1,cryptolearningclub,dydxvaloper154u397hzffmpk6xyt2fnrx6l0fzwzmplgws2fs,0
dydx-mainnet-1,ecostake,dydxvaloper15wphegl8esn7r2rgj9j3xf870v78lxg8yfjn95,0
dydx-mainnet-1,polkachu,dydxvaloper15xgxv2j45uc4er8z9tfz5m0f0e74ymv6xj9l9d,0
dydx-mainnet-1,Enigma,dydxvaloper160n4rwm854v06ppkly2pt0zc9rpwlm5y2gjyqf,203
dydx-mainnet-1,chorusone,dydxvaloper16pj5gljqnqs0ajxakccfjhu05yczp98724qpyn,0
dydx-mainnet-1,Stakecito,dydxvaloper18jr2wx3qsu8g9gep6jypcxunx2jvcjquxk60wc,652
dydx-mainnet-1,CryptoCrew X Defi Dojo,dydxvaloper199fjq4rnfvz24cktl8cervx8h8e90ruk3yrrdn,556
dydx-mainnet-1,Nodes.Guru,dydxvaloper19ylcqyrgsejrghujsf6utrgw69nukw9q0xe0sj,402
dydx-mainnet-1,coinhall,dydxvaloper1a4mcl5d6h2ak4hn6nj8vg8vtew6t3mnwzd4sqn,0
dydx-mainnet-1,provalidator,dydxvaloper1a9lm6t9qalz53jrp0q6p50q2cxeqnwsh48g3tt,0
dydx-mainnet-1,Nansen | Stake to Stack Points,dydxvaloper1c9ye54e3pzwm3e0zpdlel6pnavrj9qqv2ttvgk,717
dydx-mainnet-1,RHINO 🦏,dydxvaloper1cpz0jtj6rkezzs7z8k5gy6py05sxdkmyvggvvh,438
dydx-mainnet-1,coinage,dydxvaloper1ct3qfgmx74fzkgzehun7ayusjaqv0dyc3ah8y7,0
dydx-mainnet-1,CLC,dydxvaloper1e0r3fljewfvj7729q6f07m8fy9v5e208s5ztkf,418
dydx-mainnet-1,AutoStake 🛡️ Slash Protected,dydxvaloper1gf9yvztyvnc3aqrkjd8hfnaf8pk56sl7mzfage,391
dydx-mainnet-1,kingnodes,dydxvaloper1j4ljutnh66r55a29jydgca7pfmhd40e3nlcfa4,0
dydx-mainnet-1,Keplr,dydxvaloper1jvct2ck9hptwyzrr0umfvwxed7n9nhhj0wfmdf,892
dydx-mainnet-1,Cosmic Validator | 100% Uptime,dydxvaloper1k2mlt4akhddh8gz9r3227ruuaestgdczx60vqk,132
dydx-mainnet-1,meria,dydxvaloper1ml44cenapnawcn4xy3w36jce0rg78dm8ajvypn,0
dydx-mainnet-1,DELIGHT,dydxvaloper1mnj3vlwgud7fvfx7tgawmx8k2gd40fy2amarjg,217
dydx-mainnet-1,Imperator.co,dydxvaloper1mwhwf9rqh64ktr8t8xnz37nhg7vvy42ec56jwe,468
dydx-mainnet-1,stakecito,dydxvaloper1qe8uuf5x69c526h4nzxwv4ltftr73v7qvjutn2,0
dydx-mainnet-1,TTT VN,dydxvaloper1r227t4qx8muzshsl862n4cgdswsesyd0pp42un,425
dydx-mainnet-1,dorafactory,dydxvaloper1rlz9vehk0e6d72u4gvghtfee0274lmuwumlvj8,0
dydx-mainnet-1,PRO Delegators,dydxvaloper1rqhxemv6e5x43uny8qdyq78zneuk49pe5gkltz,318
dydx-mainnet-1,Smart Stake 📈📊,dydxvaloper1t8hjjca8kecjtuhs2qy83maurj78fq2z5c44z5,441
dydx-mainnet-1,allnodes,dydxvaloper1tle46v89xuxaggrq7zvun5ye66c580fzhayma3,0
dydx-mainnet-1,Interstellar 🍸,dydxvaloper1u0exa7dqlsgvfje9sg0emxrmtdmvakp7d0f697,285
dydx-mainnet-1,Kiln,dydxvaloper1u9xeaqdjz3kky2ymdhdsn0ra5uy9tc3elj2jte,950
dydx-mainnet-1,Cosmostation,dydxvaloper1vl5ty47uwpfv4mcutwv4zam09mvvvdgy09n0l5,718
dydx-mainnet-1,Silk Nodes,dydxvaloper1w44vfk3jzh69p7yawwqcaazuxz944ve95qpaf8,290
dydx-mainnet-1,Informal Systems,dydxvaloper1x20lytyf6zkcrv5edpkfkn8sz578qg5se6j3y3,546
dydx-mainnet-1,Crosnest,dydxvaloper1y6ncfxx8x9sqec97pehjw0k32slw63850ltjrn,541
dydx-mainnet-1,blockdaemon,dydxvaloper1ynz8v474ghzhl5ms86mzw0r5mcga3klh2tdw5l,0
dydx-mainnet-1,strangelove,dydxvaloper1zts523wqvtrhd2a9mznfc83msgs6mgwczvj7kw,0
evmos_9001-2,dragonstake,evmosvaloper10qpycc2egucukw8afcz4us7xlxxmfwh6rscvjz,0
evmos_9001-2,astra,evmosvaloper10w68lsj5avr354xssl3dlu5c8gfclamuexjfzf,0
evmos_9001-2,polkachu.com,evmosvaloper125fkz3mq6qxxpkmphdl3ep92t0d3y969xmt8hz,1341
evmos_9001-2,alkadeta,evmosvaloper13h9qxch4r8ep2x8ynwlmcvcl6h902zg5elznhq,0
evmos_9001-2,frens,evmosvaloper14zatq4jagqtm9ejgvglnv0t364d88u80futp65,0
evmos_9001-2,smartstake,evmosvaloper174jlcery04j6r7wgvequeysruyjlhtcmlhnhy2,0
evmos_9001-2,jabbey,evmosvaloper17vze0tk7q7gwpd6jt69p4m5svrty40yw9a88e3,0
evmos_9001-2,Cosmos Spaces,evmosvaloper17z0xyw6vwjn6gqj86s3axs7mjsngdl6sncdwga,904
evmos_9001-2,stakecito,evmosvaloper18fdznufds7xcgthx00jmpvf6pplt7g4n7hc5ah,0
evmos_9001-2,firstfoundry,evmosvaloper197ahcv2x9jj0nmvnen4sqqfffhygjga7rk3shu,0
evmos_9001-2,stakelyio,evmosvaloper19fxanpnjlggzuur3m3x0puk5ez7j9lrttexwsw,0
evmos_9001-2,Allnodes,evmosvaloper1c55g6u7q2uzgks9gjp80sle8n6qcyg64vk64g2,1508
evmos_9001-2,SG-1,evmosvaloper1dgepvcm7mqdqmzz9lng8kh88ykd298esn8qya5,1169
evmos_9001-2,hanchon,evmosvaloper1dgpv4leszpeg2jusx2xgyfnhdzghf3rf0qq22v,0
evmos_9001-2,cosmostation,evmosvaloper1f35jtt5m68zlxkpxn75403vv82cchahqvfsrup,0
evmos_9001-2,imperator,evmosvaloper1fqeezech7r9mr20aggde4a36qf4zy57r5qm0dm,0
evmos_9001-2,venus,evmosvaloper1h9y3jxm5d3fqlnfczxqcdagn43d44qezj9m7et,0
evmos_9001-2,meria,evmosvaloper1hn8u6x03mklzdy69r9khsd9q4yft7gmrkz8qkj,0
evmos_9001-2,oni,evmosvaloper1hyytyjxr02j72cx0cgjl24s3nn2yrdqqaslk84,0
evmos_9001-2,posthuman,evmosvaloper1jk7umxyky5m5dul46t8nxneavlg7eysjr6lfj7,0
evmos_9001-2,Jerry's Pool,evmosvaloper1lldjhjnn32e8vek7cxe9g05nf8j74y0xs5zmsu,550
evmos_9001-2,orbitalapes,evmosvaloper1mx9nqk5agvlsvt2yc8259nwztmxq7zjqep5khu,0
evmos_9001-2,[Beehive],evmosvaloper1nfx47fqnqpcarqwt7qn4fk0llc57vvh3wgg35c,544
evmos_9001-2,citadelone,evmosvaloper1p5k54qk9jdamvw4r756g7dxsjarf6p0l3huk84,0
evmos_9001-2,p2p,evmosvaloper1pj3c7q7tj888h4ms9uq2qql2hf84pndx3zvleu,0
evmos_9001-2,0base.vc,evmosvaloper1rh9uz23gmhr6q92a45qrath4fr9ffefz4eas0z,1083
evmos_9001-2,notional,evmosvaloper1rv94jqhlhx6makfwl6qs390e4shg32m6w6dxzy,0
evmos_9001-2,Disperze,evmosvaloper1sp9frqwep52chwavv3xd776myy8gyyvkv5uysl,1508
evmos_9001-2,stakefish,evmosvaloper1tcty2k97cdv5sc6xcdf2atrrxq0zg7vvjyfsmr,0
evmos_9001-2,provalidator,evmosvaloper1tdss4m3x7jy9mlepm2dwy8820l7uv6m2vx6z88,0
evmos_9001-2,galaxydigital,evmosvaloper1tfc7t9yx00sw4w4d3sj7a22e4mmsed30gjkwx2,0
evmos_9001-2,ecostake,evmosvaloper1umk407eed7af6anvut6llg2zevnf0dn0feqqny,0
evmos_9001-2,binaryholdings,evmosvaloper1vhuyfr9l7ytd0w9mtdx2033qrc0s6vjj8w37j6,0
evmos_9001-2,swissstaking,evmosvaloper1vw76ju5rwt9us7kz8tg42t6yfmq2jftydu74u6,0
evmos_9001-2,NodeStake,evmosvaloper1xaxg47uw046uw8vgpp3da367ctw9aguqjuyyyx,1393
evmos_9001-2,stakecitotwo,evmosvaloper1yujr2clwszfmt65myeq2lp6jnjv364hjjln5ua,0
haqq_11235-1,SegaStakers,haqqvaloper10jqmd8rvggegva0r5smarr7avwwa8vce0q5gsh,114
haqq_11235-1,bwarelabs,haqqvaloper128fmtp0swncy2v7vfzyh5p48fv5d07esupf9kd,0
haqq_11235-1,cryptobtcbuyer | Low fees 💚,haqqvaloper137867ch7xxe3a95a2rhs9xntzjp9q7yg0ylvgk,257
haqq_11235-1,allnodes,haqqvaloper15eafuvcrh3c07z4g3pqgq68n3lmsyu5jd9swsy,0
haqq_11235-1,SerGo,haqqvaloper15uexkcv25gshhyunn97369y6379flhm7dsn3dc,307
haqq_11235-1,dratavovpro,haqqvaloper16ecmf2wlfjuaff6sstjcfa8ds5gagm96j4zpcx,0
haqq_11235-1,p2p,haqqvaloper16gg3wzq8h98zyn9kjp7aw3jwy6pnxslrdhl7zp,0
haqq_11235-1,surestake,haqqvaloper16hy887wxzjmmkkfrdxzgz9dlv6mfru56q539cw,0
haqq_11235-1,haqqassociation,haqqvaloper16lp0xpq87cre5z4jkfddq78r5l4vcd7el2jlmj,0
haqq_11235-1,L0vd.com,haqqvaloper188rzn2dgqtfx98eke434xtas9ngef9c5zfccsw,171
haqq_11235-1,brightlystake,haqqvaloper19as88jg6qywfu0uymqsvcmuvqck5nngjjr8q4e,0
haqq_11235-1,kioqq @ haqq.sh,haqqvaloper1a4qnqnk5ag0um6z3unkdth92v9c46x0dcpe2n0,185
haqq_11235-1,Neuler,haqqvaloper1a57vprf7lswm3aqy2g5gy509235wmtsfvf9q73,800
haqq_11235-1,Lavender.Five Nodes 🐝,haqqvaloper1dqwmtp0ewnzep83mtf0j73xrwza74ncavusujw,800
haqq_11235-1,Nodes.Guru,haqqvaloper1esy5m56f7gsgckjgvwreq6yd95rp5k2uf58sqw,599
haqq_11235-1,gmocoin,haqqvaloper1f2j8t0ddtak6z9td28wmv60xj6mlykzx65jr8w,114
haqq_11235-1,StakingCabin,haqqvaloper1f6hy5d68hkx9wtp8er3mgdfwjfjr7tun5yu7us,228
haqq_11235-1,TakamulFi Validator,haqqvaloper1gcw6ru5akcmzvr3anqre8f3m8eml2rmrz8m6sl,308
haqq_11235-1,DTEAM,haqqvaloper1gygy6q8dvpmwy6ps2yj8d503up3hssuv9gv6yu,114
haqq_11235-1,noders,haqqvaloper1hgggrfgjeu4d5nveh03c6w37magsuqcy84p44t,0
haqq_11235-1,masterblox,haqqvaloper1ja29wpj6l5t42jj67vgqcuj8pu046uqklss524,0
haqq_11235-1,Blackhox,haqqvaloper1jt70r5w5q56fers0a4z2x95l92v360pw8mg5th,114
haqq_11235-1,Forest Staking,haqqvaloper1ktu3f367c0j0yet6apuefy8xt5n7eswns7yuff,437
haqq_11235-1,𝐥𝐞𝐬𝐧𝐢𝐤 | 𝐔𝐓𝐒𝐀,haqqvaloper1ld747ks23dqheenk3pjth57claqqpfnxax6cea,313
haqq_11235-1,🙏 uGaenn ⛅,haqqvaloper1m7esphm6f43vanux04ug9tyrxm8awrhd4sm6nh,171
haqq_11235-1,stakeme,haqqvaloper1p02zk5ecdanap637e2wtt82cucjlxtkrhus623,0
haqq_11235-1,islamicstaking,haqqvaloper1p8k6xk94u24vv9dmxu3vkgg43fs3v72grkpjhm,0
haqq_11235-1,nodestake,haqqvaloper1qt6yf3fvz250uddj04rxglfd40v8nruqm9kyy7,0
haqq_11235-1,KonsorTech,haqqvaloper1qujkgnaxmy5ngyudunh04j6ctpt8dp4u8h9rk8,117
haqq_11235-1,cyberomanov,haqqvaloper1rf3e3z60lqattw7vxxfu328pwlzu60knjlddsf,114
haqq_11235-1,StakeBroker,haqqvaloper1rssz59ag9r4hm0tj8avp6x47uuqc9xtc8umtnr,171
haqq_11235-1,emir,haqqvaloper1s83ruez67s2uzt2f0yyz9qd3l60qvu845knns0,0
haqq_11235-1,The Honeybadger,haqqvaloper1s8p7kahfwghxz56elmdufgrvehzx20a99q9v7n,132
haqq_11235-1,citadelone,haqqvaloper1s8xgfux6na326c6xzk62vvn232xgkpdmcht4z6,0
haqq_11235-1,a41,haqqvaloper1tdzdn4zdnntdjkxtx8lrp9m8rpdu9yz356j8a5,0
haqq_11235-1,polkachu.com,haqqvaloper1th8c90trv8pfvsqf2n9p4whlcdew2yy2wcmgnp,800
haqq_11235-1,Stake-Take,haqqvaloper1tnm7y48w5nh8wt0s2u0fxwu607xtqhk6v99773,114
haqq_11235-1,Abyss Finance,haqqvaloper1uz39tak5j7cctq9ss3l4pvlnngmng338thy062,356
haqq_11235-1,Halal Node,haqqvaloper1vk0v3xuusxh8tcu63nmzrll9xwfcnujev6pd4w,285
haqq_11235-1,F5 Nodes,haqqvaloper1x93c3lwves5xagxmx3rkku6scxt9yhwn243sts,259
haqq_11235-1,Palamar,haqqvaloper1xp597fjhgu6dx3a525htulkn36fqqntjaqvhct,188
haqq_11235-1,tarabukinivan,haqqvaloper1xwpeshg6v7fdg55evd9pzlay22a407dnxaat00,115
haqq_11235-1,P-OPS Team,haqqvaloper1xwwut6nrqmqqyv4w5an4x0zwr8vt7vy7s723s6,172
haqq_11235-1,Synergy Nodes,haqqvaloper1y4pfpkwpy6myskp7pne256k6smh2rjtaf0wcfl,371
haqq_11235-1,Forbole,haqqvaloper1yq0zsgqnyw5ya0vjxj3gd8yhdpw8uydekq5qrs,803
haqq_11235-1,StakeUp,haqqvaloper1ysps8cnwp868hw3srcsy8mkk9cvv7g70evv2v9,171
haqq_11235-1,imperatorco,haqqvaloper1yxgsst9urp5s6qt7aqej09kywahn6djtduxd4p,0
haqq_11235-1,POSITIVA Ultra,haqqvaloper1zsujldhz9azrfewl0gex5ey8f6kvf9dk6ufk47,800
injective-1,Black Panther | Delegate for Claimdrop,injvaloper10pe4avat38u38yzj5hvnw235uecfff6c73s8fn,291
injective-1,Informal Systems,injvaloper10xhy8xurfwts9ckjkq0ga92mrjz9txyygymqzp,800
injective-1,polkachu.com,injvaloper125fkz3mq6qxxpkmphdl3ep92t0d3y9695mhclt,246
injective-1,blockpane,injvaloper125j4jg5d5hs3xvgfn0me69kgdlv9xe9zknvcz4,0
injective-1,Everstake,injvaloper134dct56cq5v7uerxcy2cn4m06mqf4dxrlgpp24,554
injective-1,Zellic,injvaloper13v0sulppc8pgtk4907p3vaqgq54vyl9yqmf7av,797
injective-1,ormanxyz,injvaloper14ncezrfu3hxauehjntf6pdpme7l5etqsep2qp6,0
injective-1,Allnodes,injvaloper14w4qu60azpz5zkw5yrcvmaxqh6xg5sny7qm6rm,267
injective-1,Chorus One,injvaloper14yeq3lkajldaggj28hmq8xng9xux7x5g46hezv,240
injective-1,lavenderfive,injvaloper155yk4wfn0xqye80exlsr6hu4qdfsvsgwg3jckk,0
injective-1,pfc,injvaloper15vlkdnu2c0k0gaclgycnyjm7c5f3hsde034f5p,0
injective-1,notional,injvaloper16eg6wf2k6v0lzwu2vsrhxhe0tcycgr7jm98nyz,0
injective-1,whitewhale,injvaloper16gdnrnl224ylje5z9vd0vn0msym7p58f00qauj,0
injective-1,NTT Digital,injvaloper177zqwtsnuhax28w5xpmf33wsl7l2xxf6y6xshc,136
injective-1,Keplr,injvaloper1845wspsvm3z95a2zycz3t49gn7celq48dlyscc,187
injective-1,Twinstake,injvaloper18cyc7wxru3g9de3emwy9pdh5x0vevxp3p2623y,130
injective-1,SCV-Security,injvaloper19a77dzm2lrxt2gehqca3nyzq077kq7qsgvmrp4,798
injective-1,AutoStake 🛡️ Slash Protected,injvaloper1acgud5qpn3frwzjrayqcdsdr9vkl3p6hrz34ts,226
injective-1,stakecito,injvaloper1ee7xnhczhvu064utmdn48sh0wx7zq3pgy6frgm,0
injective-1,Imperator.co,injvaloper1esud09zs5754g5nlkmrgxsfdj276xm64cgmd3w,225
injective-1,HighStakes.ch | Daily Airdrops,injvaloper1f2kdg34689x93cvw2y59z7y46dvz2fk8lhddfz,138
injective-1,Helios Staking,injvaloper1ffsdugrhfzdyxltjve8v68n6aazyc6p97uhfn0,180
injective-1,Crosnest,injvaloper1fqrdtx7pyps6eytn3356j9cs4f8zl0eevlt3rt,125
injective-1,Figment,injvaloper1g4d6dmvnpg7w7yugy6kplndp7jpfmf3krtschp,770
injective-1,ubik,injvaloper1h4t5dqenq86znza06thc64pzyxtme7zltyeg8k,0
injective-1,Citadel.one,injvaloper1hsxaln75wjs033t3spd8a0gawl4jvxawn6v849,192
injective-1,stakewolle,injvaloper1kpfxtqt5cmlew46dem32fqlk5g6k4wyueh4szu,0
injective-1,frens,injvaloper1m4pj2y9qrm77m9gsa8uu7xj6xjyy7du5hg2t2d,0
injective-1,Decentrio-Labs,injvaloper1mlsg82x0mnw88u2teg0kceautjktgcl08tqfs4,226
injective-1,stakely,injvaloper1mwerm24kce7dcl59t6n0caw7c8zxgkrjj9svwj,0
injective-1,Deutsche Telekom,injvaloper1nngrhnm65wm8pu7wkah6hfs3vpd0xw463ydd65,357
injective-1,✅ CryptoCrew Validators,injvaloper1nq37nq79w2j76xj8qhjzcn6vh0wlx0qk2r7zm6,331
injective-1,Republic,injvaloper1nxq05qdle8w5gm6fagda56euwt4rgvv4ktddcc,267
injective-1,BitGo by Twinstake,injvaloper1pkyycsewsfclqq4vshge540hwnqpqvlj3p80an,247
injective-1,Neptune Foundation,injvaloper1qzu3s7uzydpj0vcgrgp04j7u48pgkesy7zl7t3,138
injective-1,stakelab,injvaloper1r3lgsyq49zvl36cnevjx3q6u2ep897rws9hauk,0
injective-1,Kiln (legacy - please redelegate),injvaloper1rf0fczrw2gnhuju86kmjtku4dvf9dcc2mpe7pe,135
injective-1,Cosmostation,injvaloper1rvqzf9u2uxttmshn302anlknfgsatrh5v7fl7e,347
injective-1,Hex Trust,injvaloper1u8npsgrcyk4csp0cpzecwkvcqw4e6thqzcrvp7,252
injective-1,stakewithus,injvaloper1v2xylfeyry808ltt0hwxggzt0fns6uwh74mku3,0
injective-1,Cointelegraph Decentralization Guardians,injvaloper1vgu49xjgle9k84smvrwlyuc38u0cakuz7q3a5f,490
injective-1,Kiln,injvaloper1vm2gflv53mzy9ak4f8cr9ml3xus980wywe9fx2,184
injective-1,Smart Stake 📈📊,injvaloper1xwsnq88kc8wcrp34qenxf3dvhl5n02yj93u755,242
injective-1,Ready Block,injvaloper1yljq5pdnx84kkg30jfmz6ddu4eyp7twyp4z40f,322
injective-1,B-Harvest,injvaloper1zpy3qf7us3m0pxpqkp72gzjv55t70huy33t47x,160
juno-1,notional,junovaloper1083svrca4t350mphfv9x45wq9asrs60cpqzg0y,0
juno-1,kingnodes,junovaloper10wxn2lv29yqnw2uf4jf439kwy5ef00qdelfp7r,0
juno-1,goldenratio,junovaloper10y7ucn6jhjtakwchgpw32y0tgaku6yn255z7gm,0
juno-1,StakeTown,junovaloper12rkgnycfaqqyclrhquzerrm4nfwg6um26l2aqw,269
juno-1,🐾TRACE™,junovaloper13uflwz6ncv7wuey55rhh08nlmskpdpfevckja0,319
juno-1,sentinel,junovaloper13v4spsah85ps4vtrw07vzea37gq5la5gktlkeu,0
juno-1,CryptoDungeon,junovaloper13x4pynlp86prhcmtns742kgsgu7pjtzjeknkwx,129
juno-1,chorusone,junovaloper15urq2dtp9qce4fyc85m6upwm9xul304945tllg,0
juno-1,oni,junovaloper16s96n9k9zztdgjy8q4qcxp4hn7ww98qk0du5jq,0
juno-1,🔥STAVR🔥 REStake ON✅,junovaloper177svs8gyz28pupaj6amgls6rahcmwmwq06fukv,408
juno-1,needlecast,junovaloper17dn5e2n6w60pzyxeq79apr05r6jzfw7wgq3m07,0
juno-1,imperator,junovaloper17n3w6v5q3n0tws4xv8upd9ul4qqes0nlg7q0xd,0
juno-1,Cosmos Spaces ☮️ 💜 ⚛️,junovaloper1836fhsg6yqpu98vezfc7caakchqe8pvske7t8q,234
juno-1,Disperze,junovaloper194v8uwee2fvs2s8fa5k7j03ktwc87h5ym39jfv,239
juno-1,sg1,junovaloper196ax4vc0lwpxndu9dyhvca7jhxp70rmcqcnylw,0
juno-1,ECO Stake 🌱 | REStake.app,junovaloper19ur8r2l25qhsy9xvej5zgpuc5cpn6syydmwtrt,492
juno-1,Validatus,junovaloper19v94c3z7ckarwsum76kaagma0wqsqhh5w9jlsx,427
juno-1,omniflixnetwork,junovaloper1afhtjur8js4589xymu346ca7a5y5293x7p64ca,0
juno-1,Chainroot,junovaloper1c0r2r5e3usyjjy55dk5ktql9nc5nljk3jn6mkq,492
juno-1,highlander,junovaloper1dru5985k4n5q369rxeqfdsjl8ezutch8mc6nx9,0
juno-1,posthuman,junovaloper1e8238v24qccht9mqc2w0r4luq462yxttjzn7qt,0
juno-1,KalpaTech,junovaloper1ehkfl7palwrh6w2hhr2yfrgrq8jetgucskr2e0,178
juno-1,frens,junovaloper1ej2es5fjztqjcd4pwa0zyvaevtjd2y5w2aqycm,0
juno-1,ezstaking,junovaloper1gjtvly9lel6zskvwtvlg5vhwpu9c9wawjt8r7s,0
juno-1,polkachu.com,junovaloper1gp957czryfgyvxwn3tfnyy2f0t9g2p4pvzc6k3,380
juno-1,provalidator,junovaloper1jc9fr7s5kal8878trt86ne0k353r4yd6a60zak,0
juno-1,madeinblock,junovaloper1juczud9nep06t0khghvm643hf9usw45r23gsmr,0
juno-1,pupmos,junovaloper1ka8v934kgrw6679fs9cuu0kesyl0ljjy2kdtrl,0
juno-1,StakeLab.zone,junovaloper1la7th9kc3gdltl53cedxxqpkyk5runudrzwx55,254
juno-1,citadel,junovaloper1lzhlnpahvznwfv4jmay2tgaha5kmz5qx4cuznf,0
juno-1,0base.vc,junovaloper1n3mhyp9fvcmuu8l0q8qvjy07x0rql8q4kjctkq,583
juno-1,✅ CryptoCrew - 100% MEV revenue to Juno stakers! #IBCgang #REstake,junovaloper1ncu32g0lzhk0epzdar7smd3qv9da2n8w8mwn4k,191
juno-1,IcyCRO 🧊,junovaloper1nna7k5lywn99cd63elcfqm6p8c5c4qcup6gd43,163
juno-1,Crosnest,junovaloper1p0r4znp29547d8ra5k8t6ls0ztm3tj74ak38wz,325
juno-1,SmartNodes 🛡 Slash Protected,junovaloper1q3jsx9dpfhtyqqgetwpe5tmk8f0ms5qywje8tw,251
juno-1,VairagyaNodes,junovaloper1qh8rgkdm77wrhlf7un20gz9gmtpxkyaeqsaq63,160
juno-1,stakefish,junovaloper1sjllsnramtg3ewxqwwrwjxfgc4n4ef9uxyejze,0
juno-1,Stakeflow,junovaloper1ssmt2aveqpc7e0ncgxt0tpj83ur623dvk7uvng,375
juno-1,Cogwheel ⚙️,junovaloper1sz9nuewea8dlje7lzqymzyww8q0hun5q5ryep7,136
juno-1,owlstake,junovaloper1t3cjxseweyyy5ssckdr2ynn0qx283hza33p056,207
juno-1,cosmostation,junovaloper1t8ehvswxjfn3ejzkjtntcyrqwvmvuknzmvtaaa,0
juno-1,Expedition | by Life and Crypto,junovaloper1tx2u0nvjwregdv6a5t5k7z0krv6l8l6hgq4z85,235
juno-1,Allnodes,junovaloper1v3lnt5cjjk9658yyrv2673pcqx3nzvkg256xjp,484
juno-1,Silk Nodes,junovaloper1v676erkdwd3hq2n2a7xte5qpymdfa8c8uyatcw,503
juno-1,Secure Secrets,junovaloper1vq8tw77kp8lvxq9u3c8eeln9zymn68rng8pgt4,145
juno-1,Lavender.Five Nodes 🐝,junovaloper1wd02ktcvpananlvd9u6jm3x3ap3vmw59jv9vez,458
juno-1,klubstaking,junovaloper1wszlc0l5tfh37mq24009pzf24mavlkx4p97jjz,0
juno-1,cephalopod,junovaloper1x20lytyf6zkcrv5edpkfkn8sz578qg5sujlhnj,0
juno-1,Kleomedes,junovaloper1x8u2ypdr35802tjyjqyxan8x85fzxe6sk0qmh8,457
juno-1,jabbey,junovaloper1xwazl8ftks4gn00y5x3c47auquc62ssuvynw64,0
juno-1,Swiss Staking,junovaloper1y0us8xvsvfvqkk9c6nt5cfyu5au5tww2wsdcwk,576
juno-1,GATA HUB,junovaloper1yeaw3dv6jk3hr290l2tsew7rr2vjykynme37s2,134
juno-1,Stake&Relax 🦥,junovaloper1yg0h9xeseq3qfu2vkwj3m29yf42lnyfmqasn35,385
juno-1,stakecito,junovaloper1yy3tnegzmkdcm7czzcy3flw5z0zyr9vkkxrfse,0
juno-1,Inotel,junovaloper1z89utvygweg5l56fsk8ak7t6hh88fd0aa9ywed,164
juno-1,CommunityStaking,junovaloper1zxx8j75ngm8m38v9l5wreaavwnsuun7gcq5cu8,247
laozi-mainnet,Citadel.one,bandvaloper10grrhfawl98ypn5x25zmqcp8f20eg9sw56v3e0,312
laozi-mainnet,StakeLab,bandvaloper10s7t8prp0nz36g4dug5ftkm8elyg9hdtlpn6uv,84
laozi-mainnet,0base.vc,bandvaloper13vd9rzgytsvcm278ufehsvdvg2kky2djwjguq7,110
laozi-mainnet,Forbole,bandvaloper14kn0kk33szpwus9nh8n87fjel8djx0y0wz502z,544
laozi-mainnet,Ubik Capital,bandvaloper14wuzcsyttmyedc7e7z7e0exhg8k94x6eulj6pt,278
laozi-mainnet,Chorus One,bandvaloper15urq2dtp9qce4fyc85m6upwm9xul3049fz627w,675
laozi-mainnet,Cosmostation,bandvaloper17d3uhcjlh4jyqcep82jfsrg8avsngklxxan5tg,801
laozi-mainnet,Stakeflow,bandvaloper17s35yz3rglx7pnjppm4u9l9ht2k9mr9tq0eyh6,81
laozi-mainnet,injectivelabs,bandvaloper1948raua2qwgn6rcstgdtk4wyg2zypc2680lej7,0
laozi-mainnet,htx,bandvaloper1aqqfs9dftsmdnp3tuzqfvpwd4768mj42pd67ea,269
laozi-mainnet,Nansen | Stake to Stack Points,bandvaloper1c9ye54e3pzwm3e0zpdlel6pnavrj9qqvn4hl7n,695
laozi-mainnet,polkachu.com,bandvaloper1cmx8hvx8pn9ezuc57rgy3dqqlkju6uph3mjwxs,281
laozi-mainnet,Wellstake,bandvaloper1cuc594q8uam3rx90tztgplssnymlqnr5epmsjq,297
laozi-mainnet,HashKey Cloud,bandvaloper1dr64r506ln5n3aqqgkccf56uwdd9d9jvlh9l4p,405
laozi-mainnet,✅ CryptoCrew Validators #IBCgang,bandvaloper1ev4ylm9q6kyzsck3t6sw0h86zev95cfxzkn4cz,85
laozi-mainnet,cosmosspaces,bandvaloper1fzhy0swda9ajmtqeh0ch8v59ngnwsy8ys2dhv9,0
laozi-mainnet,Stakewolle.com | Auto-compound,bandvaloper1hcu2spr3r80v36us40mg938f5qhaqq2qeajtfv,144
laozi-mainnet,w3coins,bandvaloper1hdw8pzr79y4at0teak0mwcrjhv3e6n3wegfv2m,138
laozi-mainnet,InfStones,bandvaloper1hln9scsl9yqup8nxyum06rmggql5m5zqwxmt3p,269
laozi-mainnet,Wanchain,bandvaloper1lksevk5362eterq75haf7wxx6jdpgdzyd9ms9h,407
laozi-mainnet,Imperator.co,bandvaloper1lvnlajgsn6mkx0p33g7ge6jyfpjlhrpv7clhqk,272
laozi-mainnet,Stake Shark,bandvaloper1nguv0kdayw7qhy6d354el4f87d67ynt52wrdk3,257
laozi-mainnet,smartstake,bandvaloper1nmlds05h9zpj0m3actleslnmf5ett8xfvmjgju,0
laozi-mainnet,Active Nodes,bandvaloper1nqmeykpnqdccxf2kfqnwszy748ll3qlzu0heyt,550
laozi-mainnet,Stakecito,bandvaloper1p26kdh5fx24qz9xa5jtjje8ha8ee9q44nrsc8c,277
laozi-mainnet,Meria,bandvaloper1plau7keptn9qdt7nmhphltakv5t054f8lgwjdn,81
laozi-mainnet,Enigma,bandvaloper1pp534se9rmt59d5zkv4p8cp6jj5zxm4uxdhejs,189
laozi-mainnet,B-Harvest,bandvaloper1q894x7p4ugl3q5l47e8ksll5k5lmx74fxqez5y,675
laozi-mainnet,WeStaking,bandvaloper1qgvcttnjx3enjqg9pnhclt6d4z7qdknavg4q9c,275
laozi-mainnet,BitNordic,bandvaloper1qzl2ckmfv83w4f65rf77utuc5jmhtexpjxjyzw,138
laozi-mainnet,StakeCraft,bandvaloper1unfg2zhnssl07tql8d85zc6rx7zsfs5qh206av,163
laozi-mainnet,HighStakes.ch | Daily Airdrops,bandvaloper1uytng9pl50mtedmsdrzanvy8vgxttvysw59ugd,145
laozi-mainnet,picklebanddd,bandvaloper1vvevlfz7r9xrj9kghhguw8ygwvv9x3duldlw3j,0
laozi-mainnet,AutoStake 🛡️ Slash Protected,bandvaloper1xs2penspev206jj0egh5qu7qmr6mjzfgj299xl,87
laozi-mainnet,Finality,bandvaloper1y6cjh2xy6550kw63wxzgyse85vxues809z3sys,216
laozi-mainnet,sorawit,bandvaloper1ycs4g7xu8wmf7n4vwwtfsvhtfm7tekvwk34rxz,800
laozi-mainnet,figment,bandvaloper1zm5p8gg3ugjcdwz9yrxaf6fdptxa4gw04rplr9,0
osmosis-1,stakingfund,osmovaloper1000ya26q2cmh399q4c5aaacd9lmmdqp9cwpvl4,0
osmosis-1,ztakeorg,osmovaloper102ruvpv2srmunfffxavttxnhezln6fncrdjd27,0
osmosis-1,commercionetwork,osmovaloper103s29j7dyc3utljce802m38p2kk89taj0r2hxa,0
osmosis-1,oldcat,osmovaloper106yua27d3dg4er6w2fkq68s5svd9hngu35nxqr,0
osmosis-1,notional,osmovaloper1083svrca4t350mphfv9x45wq9asrs60c6rv0j5,0
osmosis-1,NosNode🔮,osmovaloper10jm8fvdyqlj78w0j5nawc76wsn4pqmdxgzgh4c,274
osmosis-1,Active Nodes,osmovaloper10rsjwrcj7maz4f0l8dh3smjd022n9ya8ycuyg7,284
osmosis-1,thecybernetics,osmovaloper10w06wvmdd4xn7hr76gzrv570f7q5uweem5jcd7,0
osmosis-1,chandrastation,osmovaloper10ymws40tepmjcu3a2wuy266ddna4ktas0zuzm4,0
osmosis-1,stakewolle,osmovaloper122yaxffys6rmv03nwwkmn3rvr5skzxl9lry2a5,0
osmosis-1,bharvest,osmovaloper123nfq6m8f88m4g3sky570unsnk4zng4u6mkmvq,0
osmosis-1,interchainfm,osmovaloper125kjmvuv5sv7qct2t6wc99h3mp7hpyxw37dcgg,0
osmosis-1,coverlet,osmovaloper1273zsxhxd5dlgcr2zjf5x25275hjcp3udgkz9z,0
osmosis-1,stakecito,osmovaloper12rzd5qr2wmpseypvkjl0spusts0eruw2g35lkn,0
osmosis-1,omniflixnetwork,osmovaloper12zwq8pcmmgwsl95rueqsf65avfg5zcj047ucw6,0
osmosis-1,keplr,osmovaloper130r77dtdgz3yjyyskhrr3j2c90aqezugkhr3rs,0
osmosis-1,whitewhale,osmovaloper135p8cjwa3hnnnksjxchda0a6339z9zm7cudyxn,0
osmosis-1,go,osmovaloper13t30u88ehaq3dlp5uzkxmn9u98nrskjyrutvvs,0
osmosis-1,bronbro,osmovaloper13tk45jkxgf7w0nxquup3suwaz2tx483xe832ge,0
osmosis-1,CryptoDungeon,osmovaloper13x4pynlp86prhcmtns742kgsgu7pjtzjz4a3nk,15
osmosis-1,blockscape,osmovaloper13x77yexvf6qexfjg9czp6jhpv7vpjdwwpuclc8,0
osmosis-1,dkcmc,osmovaloper144xwxcrlntp4wjadhrylzc6p3vdzscye6t3f76,0
osmosis-1,blockdaemon,osmovaloper14537vk6xr9qfptpw2090c589w7a8cm0e0wyv3u,0
osmosis-1,Interop,osmovaloper146mj09yzu3mvz7pmy4dvs4z9wr2mst7rq8p8gy,799
osmosis-1,Leonoor's Cryptoman,osmovaloper14amduhjazqhwtkhm6kutdcy4ux5zazf5k803tq,362
osmosis-1,forbole,osmovaloper14kn0kk33szpwus9nh8n87fjel8djx0y0fhtak5,0
osmosis-1,pryzmstakedrop,osmovaloper14n8pf9uxhuyxqnqryvjdr8g68na98wn5amq3e5,0
osmosis-1,Obi,osmovaloper14ts0j42qkpr43a3tgxr7zz6l6zdf7hdes5jpma,79
osmosis-1,interbloc,osmovaloper15004ysvmqnqzkvt7x6s4cd53flmmvgfv6t4y9y,0
osmosis-1,crowdcontrol,osmovaloper150722lyxdh25vhhwp89qxp3574lv4tx8j6u0ge,0
osmosis-1,binaryholdings,osmovaloper15czt5nhlnvayqq37xun9s9yus0d6y26d5jws45,0
osmosis-1,chihuahua,osmovaloper15knxwwzq38lwe3e3rul8cpcew9n6u0gq7x38cj,0
osmosis-1,chorus_one,osmovaloper15urq2dtp9qce4fyc85m6upwm9xul3049wh9czc,0
osmosis-1,nodeguardians,osmovaloper15xstrgzpwhduklvyhy9g7gu774lm8cjjxdvlw6,0
osmosis-1,smartnodes,osmovaloper16j5hsdrcaa6950ks0rf944rgmncukl74cs7yw6,0
osmosis-1,goldenratio,osmovaloper16n0t7lmy4wnhjytzkncjdkxrsu9yfjm3ex7hxr,0
osmosis-1,stakelab,osmovaloper16q8xd335y38xk2ul67mjg27vdnrcnklt4wx6kt,0
osmosis-1,Nodeify,osmovaloper16s96n9k9zztdgjy8q4qcxp4hn7ww98qk5wjn0s,221
osmosis-1,klubstaking,osmovaloper16vnsrhxsyamf4f4eln6g587qwwd39fte2m2ysc,0
osmosis-1,notionalventures,osmovaloper16x4vlh65q5yqa3ghyxs3d9f3mgdz8t2z20ap0r,0
osmosis-1,ledgerbyfigment,osmovaloper17cp6fxccqxrpj4zc00w2c7u6y0umc2jajsyc5t,0
osmosis-1,FreshSTAKING,osmovaloper17h2x3j7u44qkrq0sk8ul0r2qr440rwgjp38f93,70
osmosis-1,01node,osmovaloper17mggn4znyeyg25wd7498qxl7r2jhgue8td054x,0
osmosis-1,kahuna,osmovaloper17r0cp9zrtkvzlz7a2r09gmdxwqfyje98gfer6u,0
osmosis-1,boredapeserver,osmovaloper17z6mxxmkk5vykq6m4c2vexqjs6eq0zqualtqu3,0
osmosis-1,multiplex,osmovaloper182d2cjt4al2qxkrgx2kp3v8rvm2jc50ft8wz57,0
osmosis-1,whitemarlinstaking,osmovaloper18wkkhsrsw7gwl3z9gn6e25ag3sn0crzp2tp9t0,0
osmosis-1,nocturnallabs,osmovaloper1969qjenvrjxrypynv36j9hjmlxrqgmy0xq3dg2,0
osmosis-1,sg1,osmovaloper196ax4vc0lwpxndu9dyhvca7jhxp70rmcmmarz7,0
osmosis-1,vortexlive,osmovaloper19fec46jadzr4y6gd596kkf8sskm7eyq32kkwc7,0
osmosis-1,vidoinfo,osmovaloper19j2hd230c3hw6ds843yu8akc0xgvdvyu4arf82,0
osmosis-1,Validatus,osmovaloper19v94c3z7ckarwsum76kaagma0wqsqhh54xucdk,158
osmosis-1,stakerelax,osmovaloper1c0hr48wkpfcmdljz0xjdxqak4a09ngs366wp8x,0
osmosis-1,stakewithus,osmovaloper1c9ye54e3pzwm3e0zpdlel6pnavrj9qqv5qgdz9,0
osmosis-1,cosmostation,osmovaloper1clpqr4nrk4khgkxj78fcwwh6dl3uw4ep88n0y4,0
osmosis-1,nonceclassic,osmovaloper1cmqh34lt9d457ajk9g94eg2pswrpr08rxqwsyy,0
osmosis-1,gelottoslashprotected,osmovaloper1cqdhr7arcezmkhy32qzsqsjvq2rheuhxw9uq8w,0
osmosis-1,ushakov,osmovaloper1crg24mgm8l3qe7ej9l8t7tsttp40aaas4xmkhx,0
osmosis-1,somaticlabs,osmovaloper1cunqeg5ydl0zvg5jm748xpc90hsz4ufu2kqvgy,0
osmosis-1,coinagexdaic,osmovaloper1cwurrzatev9lfkn3ak6hh59t6yc0zy00rzp8yd,0
osmosis-1,sentinal_dvpn,osmovaloper1cyw4vw20el8e7ez8080md0r8psg25n0cq98a9n,0
osmosis-1,HighStakes.ch | Daily Airdrops,osmovaloper1czsuul2n7252wcrvk9dvjcjg2qn2qcdd9ue74s,480
osmosis-1,gatahub,osmovaloper1d5ada26tcd24wltfakqkkdu3656k6n4chnyz8h,0
osmosis-1,Vitwit (Previously Witval),osmovaloper1ddle9tczl87gsvmeva3c48nenyng4n56yscals,42
osmosis-1,defiantlabs,osmovaloper1dnmz4yzv73lr3lmauuaa0wpwn8zm8s20lg3pg9,0
osmosis-1,chillvalidation,osmovaloper1dvpxxkksf5hrhnycsgyyjnal79lp7gp3n59t0d,0
osmosis-1,mendel,osmovaloper1e20nfplac6cp5mga25a3ujvcgly3mfu73e6scn,0
osmosis-1,POSTHUMAN 🧬 StakeDrop,osmovaloper1e8238v24qccht9mqc2w0r4luq462yxttfpaeam,461
osmosis-1,stakeshark,osmovaloper1e893vrtzzp6zyzs80tqg52j2vdckzqrdjrjva5,0
osmosis-1,daodao,osmovaloper1e8zrt3wq2wu854e8kfe0fg2y4rpakql37u0l4uwzv2cv0dng4ntqst76th,0
osmosis-1,allnodes,osmovaloper1e9ucjn5fjmetky5wezzcsccp7hqcwzrrdulz7n,0
osmosis-1,boubounode,osmovaloper1eh5mwu044gd5ntkkc2xgfg8247mgc56f4dlt9h,0
osmosis-1,kalpatech,osmovaloper1ehkfl7palwrh6w2hhr2yfrgrq8jetguct4ddyl,0
osmosis-1,"Frens (🤝,🤝)",osmovaloper1ej2es5fjztqjcd4pwa0zyvaevtjd2y5w37wr9t,269
osmosis-1,marginedprotocol,osmovaloper1et4d3he94fs5u98kzms7s0fjhpaf5hx7q6fuy5,0
osmosis-1,stargazezone,osmovaloper1et77usu8q2hargvyusl4qzryev8x8t9weceqyk,0
osmosis-1,cryptoassassin,osmovaloper1f6wx6r7567wu5j4ysskshkmsrk29sme97x25ca,0
osmosis-1,Trust Nodes,osmovaloper1f7jtv9sd3g9jay64zrydfqh7l3eqdzgs289m8u,97
osmosis-1,etherealventures,osmovaloper1fdratlcgy56etxd07n03vcfm20m4mff8qzn2p3,0
osmosis-1,simplystaking,osmovaloper1feh2keupglep6mvxf5c96eulh3puujjryj2h8v,0
osmosis-1,Lavender.Five Nodes 🐝,osmovaloper1glmy88g0uf6vmw29pyxu3yq0pxpjqtzqr5e57n,647
osmosis-1,polkachu,osmovaloper1gp957czryfgyvxwn3tfnyy2f0t9g2p4phpkatp,0
osmosis-1,iqlusion,osmovaloper1grgelyng2v6v3t8z87wu3sxgt9m5s03x7uy20c,0
osmosis-1,flipside,osmovaloper1gw6z2kn7z7cg747czxq98yczcmauk29uzqfuw4,0
osmosis-1,provalidator,osmovaloper1gy0nyn2hscxxayj2pdyu8axmfvv75nnvhc079s,0
osmosis-1,cryptocrew,osmovaloper1h2c47vd943scjlfum6yc5frvu2l279lwjep5d6,0
osmosis-1,croutondigital,osmovaloper1h6pv6eymyf40w0xjuuacj3vnu9lxwq8u0nm7uj,0
osmosis-1,figment,osmovaloper1hjct6q7npsspsg3dgvzk3sdf89spmlpf6t4agt,0
osmosis-1,peregrine,osmovaloper1hk64xxqufcdyh627s29mruep8yfmxpuuclacer,0
osmosis-1,chainflow,osmovaloper1j0vaeh27t4rll7zhmarwcuq8xtrmvqhu6m87mz,0
osmosis-1,komikuri,osmovaloper1j7euyj85fv2jugejrktj540emh9353ltnz0lvc,0
osmosis-1,hfaxdefidojo,osmovaloper1japz8jxqcd7zlrcavd53l8vs2w6ukufrju7lyk,0
osmosis-1,kintsuginodes,osmovaloper1juczud9nep06t0khghvm643hf9usw45r3jxhxn,0
osmosis-1,cosmology,osmovaloper1jvqv650snr7gaee2wsvkx9nf9gwuj946zxa7z4,0
osmosis-1,ping,osmovaloper1jxv0u20scum4trha72c7ltfgfqef6nscqx0u46,0
osmosis-1,levanapoweredbycrosnest,osmovaloper1k5mws9tqgflx6rvhq6x0tnsdw0ddfkptwf3ch9,0
osmosis-1,chainlayer,osmovaloper1kgddca7qj96z0qcxr2c45z73cfl0c75pf37k8l,0
osmosis-1,merkan,osmovaloper1kls9ca0h980sqfmt0497jj8kad3lcws6g08mld,0
osmosis-1,manythings,osmovaloper1l38793cjjks9k70wkxdq7w3auhjmqu9s9l4njy,0
osmosis-1,Smart Stake 📈📊,osmovaloper1l7hln0l79erqaw6jdfdwx0hkfmj3dp27gr77ja,596
osmosis-1,noncecommunity,osmovaloper1lfn5ywlunadd3fl8lcem05ew7vezns2kx06pf0,0
osmosis-1,Chiter in Cosmos ⚛,osmovaloper1lmxrexaxuc7ealq4wqdgzrczajhhrenrdlhxha,169
osmosis-1,uncleed,osmovaloper1ls4kmz5v7ytwcqmmchkex970565j8q3d5s6gdw,0
osmosis-1,citadelone,osmovaloper1lzhlnpahvznwfv4jmay2tgaha5kmz5qxwmj9we,0
osmosis-1,decentralizehkdhkdao,osmovaloper1m73mgwn3cm2e8x9a9axa0kw8nqz8a492vg4hp4,0
osmosis-1,whispernode,osmovaloper1md9f5524vtmrn64lyv2pdfn7cnkjkklf44vtjz,0
osmosis-1,kleomedes,osmovaloper1mmzazkl47l9e7aqrygp5kks9n30gcc730qlmwe,0
osmosis-1,0base.vc,osmovaloper1n3mhyp9fvcmuu8l0q8qvjy07x0rql8q4d3kvts,161
osmosis-1,Tessellated,osmovaloper1n56swda49evz92zhcw2xc8esx6kzt8qm62hkep,116
osmosis-1,icycro,osmovaloper1nna7k5lywn99cd63elcfqm6p8c5c4qcu6ex2gp,0
osmosis-1,Cypher Core,osmovaloper1pjmngrwcsatsuyy8m3qrunaun67sr9x74vvvdk,68
osmosis-1,AutoStake 🛡️ Slash Protected,osmovaloper1pxphtfhqnx9ny27d53z4052e3r76e7qq495ehm,208
osmosis-1,meria,osmovaloper1q5xvvmf03dx8amz66ku6z0x4u39f0aphqf42wc,0
osmosis-1,dacm,osmovaloper1q6xc9x054z9y7ll7k740j2cvdsllsfhs5rxyaj,0
osmosis-1,hathornodes,osmovaloper1qx6kgrla69wmz90tn379p4kaux5prdkucgvfuf,0
osmosis-1,strangeloveventures,osmovaloper1r2u5q6t6w0wssrk6l66n3t2q3dw2uqny4gj2e3,0
osmosis-1,PRO Delegators,osmovaloper1r7spsjagrmcfv96w5dxtttajvnxczhcpgfk74g,521
osmosis-1,in3s,osmovaloper1rcp29q3hpd246n6qak7jluqep4v006cd8q9sme,0
osmosis-1,artifact,osmovaloper1rhjvcesshc833dqwdlwskwcjz08gcnxq73dnqc,0
osmosis-1,Silk Nodes,osmovaloper1s29zkm444lr8u4jjfkrycl9wh8gttwfze230hj,52
osmosis-1,stakefish,osmovaloper1sjllsnramtg3ewxqwwrwjxfgc4n4ef9ua8h4lf,0
osmosis-1,validatornetwork,osmovaloper1sxx9mszve0gaedz5ld7qdkjkfv8z992a3z2szp,0
osmosis-1,blockhunters,osmovaloper1symf474wnypes2d3mecllqk6l26rwz8m720t3k,0
osmosis-1,quebec,osmovaloper1t3v9clrvqeudph4gf9fthcn4csalahfuq3nhme,0
osmosis-1,Cosmos Spaces ☮️💜⚛️,osmovaloper1t48236ajss9wswamwll4nj7up2gqdns52gvyaa,501
osmosis-1,Imperator.co,osmovaloper1t8qckan2yrygq7kl9apwhzfalwzgc2429p8f0s,512
osmosis-1,boogaberas,osmovaloper1tf7wjthwt9mgywqvjdkj974rp5awzzm43ddhlp,0
osmosis-1,wosmongton,osmovaloper1thsw3n94lzxy0knhss9n554zqp4dnfzx78j7sq,0
osmosis-1,interstellarlounge,osmovaloper1tj76vuaqu23eex2v6vlqc93ytsselvama69re6,0
osmosis-1,nftswitchxyzdelegateforsoulclaimdrop,osmovaloper1u2wsa88eh738mk35a3cncgu7lc6cqf74jdl50x,0
osmosis-1,ecostake,osmovaloper1u5v0m74mql5nzfx2yh43s2tke4mvzghr6m2n5t,0
osmosis-1,Crosnest,osmovaloper1u6jr0pztvsjpvx77rfzmtw49xwzu9kas05lk04,716
osmosis-1,stakesystemsautocompound,osmovaloper1ualhu3fjgg77g485gmyswkq3w0dp7gysdcdgw2,0
osmosis-1,astroquirks,osmovaloper1udp8gef365zcqhlxuepewrxuep9thjanuhxcaw,0
osmosis-1,Ethernodes,osmovaloper1ux0wrpy2gpeteahn8r95xjketyf0nn800ztng4,101
osmosis-1,s16research,osmovaloper1uxn3xw4xzyvu3xka0fr7krsfzyp8af3eyyurzh,0
osmosis-1,zkvalidator,osmovaloper1v5y0tg0jllvxf5c3afml8s3awue0ymjusax93d,0
osmosis-1,auditone,osmovaloper1w4x44ek799hvg97x0mfwu6gg5dww2r8fdpqql4,0
osmosis-1,everstake,osmovaloper1wgmdcxzp49vjgrqusgcagq6qefk4mtjv5c0k7q,0
osmosis-1,DSRV,osmovaloper1wlagucxdxvsmvj6330864x8q3vxz4x025rraa6,612
osmosis-1,cephalopodequipment,osmovaloper1x20lytyf6zkcrv5edpkfkn8sz578qg5s833swz,0
osmosis-1,01node,osmovaloper1xaz2yf5l0qcta60nlc9v4vzufz2r3swte7y8xd,423
osmosis-1,shapeshiftdao,osmovaloper1xf9zpq5kpxks49cg606tzd8qstaykxgt2vs0d5,0
osmosis-1,tedcryptoiotedlotto,osmovaloper1xk23a255qm4kn6gdezr6jm7zmupn23t3pqjjn6,0
osmosis-1,madscientists,osmovaloper1xvl4vrlh3epl7desfnqydt4tvexl380ue86syc,0
osmosis-1,jabbey,osmovaloper1xwazl8ftks4gn00y5x3c47auquc62ssuh8af89,0
osmosis-1,Swiss Staking,osmovaloper1y0us8xvsvfvqkk9c6nt5cfyu5au5tww24nrlnx,181
osmosis-1,coinhallorg,osmovaloper1yp8qwkfs964pkg3rge3k6ree2e6lrttgc8aqzn,0
osmosis-1,spectrumx,osmovaloper1yxg83zcuwfwvyagdzh3a8p45cgqxtrsg2segqf,0
osmosis-1,blockpane,osmovaloper1z0sh4s80u99l6y9d3vfy582p8jejeeu6tcucs2,0
osmosis-1,Stakely.io,osmovaloper1z5xyynz9ewuf044uaweswldut34z34z3cwpt7y,444
osmosis-1,inotel,osmovaloper1z89utvygweg5l56fsk8ak7t6hh88fd0axx2fya,0
osmosis-1,larryengineer,osmovaloper1zlymlax05tg9km9jyw496jx60v86m454a3xf3m,0
osmosis-1,OWALLET,osmovaloper1zqevmn000unnjj709akc8p86f9jc4xevf8f8g3,361
phoenix-1,SCV-Security,terravaloper10c04ysz9uznx2mkenuk3j3esjczyqh0j783nzt,389
phoenix-1,Inotel,terravaloper10qz4hfudfnllkgvhnm7k40dewg27nhxz3yn895,359
phoenix-1,allnodes,terravaloper120ppepaj2lh5vreadx42wnjjznh55vvktp78wk,0
phoenix-1,gidorah,terravaloper13qjxhnw98lm36rxc9yjakkmulhpv7zctdhcl03,0
phoenix-1,Core Dev (Engineering@Terra),terravaloper14rftkw37eltf74degzajq4s5phg23vjlu9h9as,256
phoenix-1,galacticpunks,terravaloper15lsftv92eyssjwkh2393s0nhjc07kryqen2fqf,0
phoenix-1,Coinage x DAIC,terravaloper17kh8ngu3s74epwympaxrp4ukahm5rvtf5zc8ma,185
phoenix-1,iss,terravaloper17q3y0exn6ndxkf78rcvj70gp7mrezmdx4z54xu,0
phoenix-1,smartstake,terravaloper188e99yz54744uhr8xjfxmmplhnuw75xea55zfp,0
phoenix-1,Y,terravaloper18pmvpy25zc7x0u8ppefuyyl2zaafe2wut0nm5e,174
phoenix-1,prism,terravaloper18vnm040mwk0d6plc60v5m9h2376gkcphknuwzs,0
phoenix-1,Active Nodes,terravaloper1a9zv7n6pmkzlm3wj6c23qyejqlmyxsl5faanrv,454
phoenix-1,ugaenn,terravaloper1cl8j3r09vmlxf5zsq4xms7td8x2qcfml8637yf,0
phoenix-1,SOLID,terravaloper1cqc26lnatzxvu0z5nd4yx8m4ecllkm7jlakwrw,401
phoenix-1,TdrSys | Auto-Compound,terravaloper1cs0dspacdhym4cwcm3f7suurfszvl6k5s9p06a,320
phoenix-1,Orion - Auto-Compound,terravaloper1dvl464gpzxwru4a97q6pzqv7n7rcnxwlyspnau,157
phoenix-1,syncnode,terravaloper1e4sju9ya52l8ndjcneut4hg52y228360j0w86r,0
phoenix-1,Centauri Alpha,terravaloper1fs8g3mlg3f4f4yrckvwk7dk4lt3nv4gtx2uqwj,341
phoenix-1,coinhall,terravaloper1ge3vqn6cjkk2xkfwpg5ussjwxvahs2f6at87yp,0
phoenix-1,terranone,terravaloper1gtw2uxdkdt3tvq790ckjz8jm8qgwkdw3uptstn,0
phoenix-1,pfc,terravaloper1hr7svdp2rga9vf3ry95sx7g5wyspgwmg96vqg5,0
phoenix-1,cosmosrescue,terravaloper1htey4gcdcass29vn4dwjcuq58mrvv8ra5pjz4k,476
phoenix-1,Terrascope,terravaloper1jt8pcx4sesgztjkjsvjjqtvyfgcehqx09u4exq,593
phoenix-1,Interstellar 🍸,terravaloper1kepapcnh78hsk8nx2u9nv05rn7vjwwf4fr59zu,188
phoenix-1,thormaximalist,terravaloper1kxyzu575tex8dv6d5uk26t4q8x5lusw082w3t8,0
phoenix-1,Node39.TOP,terravaloper1l63t9c0nruewg5zdrmv8pvcxdg0az6fqgg008k,187
phoenix-1,WildSage 🧙,terravaloper1l920a79akuc98hz4389axf9ctcymrf5ays578x,376
phoenix-1,orbitalcommand,terravaloper1lelhxdzwn9ddecv6sv0kcxj5tguurxnzcfs5wf,0
phoenix-1,owlstake,terravaloper1lg8zwpjvyx4pqy0j5ue2kf08edkuwy6l0j7f0h,187
phoenix-1,Stakin,terravaloper1mgpgp53tynj4djmckxdjhufa7q8lqqjuwnrlqm,453
phoenix-1,HighStakes.ch | Stake for Airdrop,terravaloper1pgyelqv0hwjavgf6vhdm4e4pt766wfxxczu20l,423
phoenix-1,0base.vc,terravaloper1plxp55happ379eevsnk2xeuwzsrldsmqduyu36,346
phoenix-1,Pro-Nodes75,terravaloper1puzp2yjqps43x7nse33svljc550xjz35jxg432,389
phoenix-1,Ceres Ventures,terravaloper1q8w4u2wyhx574m70gwe8km5za2ptanny9mnqy3,192
phoenix-1,Mario,terravaloper1rgdps79da300t87twwkcly6ec3vlpgpfgnsel5,151
phoenix-1,polkachu,terravaloper1rr2g4z2ch4cqwl8s70yj94a5l2vakg0v36nmjh,0
phoenix-1,TERRA-FIRMA,terravaloper1s6j9wxyprdsxmdf6mvsegsldvmtk0p92pa7aey,158
phoenix-1,Synergy Nodes,terravaloper1tm0xkark2ufecmdhgaaw7gqsycyt4qag6py8x6,542
phoenix-1,mosaic,terravaloper1tthd0d5t6xksag3qp5cwvmyj7d6k9sktujnjrk,0
phoenix-1,luncdao,terravaloper1tz203ptlsfs8c63f2j0d0872pt5frjrvtfg0vd,0
phoenix-1,Lavender.Five Nodes 🐝,terravaloper1vcd42qfvlvnjwaw7hvl6y32wrzqxvas653yus9,509
phoenix-1,r93AX Nodes,terravaloper1vh9m0jpuznh00t05c66yqqpsgqzudrg258q6ch,323
phoenix-1,ERIS ⚡️ Delegate for claimdrop,terravaloper1vm5azhvaxeanc7auxh02y8jmxrk8tj93f43e7j,513
phoenix-1,NFTSwitch.xyz | Delegate for $SOUL Claim Drop,terravaloper1vrkzjujfds9p8t5g0xety3e3ft4dep02etv9le,187
phoenix-1,01node,terravaloper1wdymftapg5pcvf2aqw4pd0yuuh5w9m6yqdnukv,0
phoenix-1,BackBone Labs | Delegate for $SOUL Claim Drop,terravaloper1wr0p7dzss74wfmzfqm8r65mk26efg5zhzpm77s,246
phoenix-1,Nansen | Stake to Stack Points,terravaloper1wwq9mfkkqfta334d4hcjrjau9y50a4hw37zhdl,203
phoenix-1,Secure Secrets,terravaloper1wzu2j73nvccghywtghku5ch59f67jykw58na64,157
phoenix-1,aardvark,terravaloper1wzvgc8j840qtsfsa55kuf9cypqwa2tqnkrduqx,0
phoenix-1,MANTRA DAO,terravaloper1yej82e2zursn2f56vgxfvmydwj9f2awluhusqh,165
sommelier-3,Seven Seas,sommvaloper10nmpa8lqzd37eclk9a54d2utcvrw3evcuvu3cs,1038
sommelier-3,pupmos,sommvaloper12ghdy3n809dpxr7kkdtyt3xrf8rse8pyhzlazc,0
sommelier-3,Ztake.org,sommvaloper13ul4wf2gwuwfrqrx70h2j9evje05vtglpc44sc,17
sommelier-3,lavenderfive,sommvaloper140l6y2gp3gxvay6qtn70re7z2s0gn57z4mj4sy,0
sommelier-3,sleepykitten,sommvaloper147nlnr72vfdlm8rcjtqrlsct7gr5veadsjgtxe,0
sommelier-3,boubounode,sommvaloper15055v5dh2hsn6fmy6ucday3pwn8m6gcmfz3kqr,0
sommelier-3,chorusone,sommvaloper15urq2dtp9qce4fyc85m6upwm9xul30499el64g,0
sommelier-3,cosmostation,sommvaloper16zlu8yrmccwssv7tywc74jsh6nen4t5ur5ef67,0
sommelier-3,standardcrypto,sommvaloper173xq5ys8m7pvs2hesuz4ccx9mjuz2pthkq0zfj,0
sommelier-3,FreshSTAKING,sommvaloper17h2x3j7u44qkrq0sk8ul0r2qr440rwgj2latjp,359
sommelier-3,kleomedes,sommvaloper199xpf884lrfsg7jyfjwh50e2zpy27qfejafssk,0
sommelier-3,simplystaking,sommvaloper1cgdlryczzgrk7d4kkeawqg7t6ldz4x84yu305c,0
sommelier-3,Defi Geek,sommvaloper1delagkfwss0x8vjrzwqtws4kj47jgteen0vrup,1038
sommelier-3,stakewolle,sommvaloper1dlpuptu8k8rps38u9wdjmkwte69v27593alh5s,0
sommelier-3,frens,sommvaloper1ej2es5fjztqjcd4pwa0zyvaevtjd2y5w6s5pjm,0
sommelier-3,teku,sommvaloper1esfv6n47eplr769qrv4v98kxlw2al4q4sn3ert,0
sommelier-3,🔥STAVR🔥 REStake ON✅,sommvaloper1fes322u0x7422ugc05xkxeav2zzd3kfgf898f4,57
sommelier-3,Golden Ratio Staking,sommvaloper1fpwexrflqq066c80qfgs875qq39ws3t689gj28,1038
sommelier-3,polkachu.com,sommvaloper1gp957czryfgyvxwn3tfnyy2f0t9g2p4pu0vlu3,1038
sommelier-3,Defi Dojo Validation,sommvaloper1hejkwp7qxd4drvsqnc5up6slt5jtvjkq5f0j7k,1038
sommelier-3,Validatus,sommvaloper1jgfjrec3u2ev6v89sav06we8jn5tf4cqlpj997,409
sommelier-3,blockscape,sommvaloper1ju7p97r3atsqlpruy3a9dr25ltdc7qcjr6z6ff,0
sommelier-3,SyaNodes,sommvaloper1k6vwc45uu5k7tth7gnnh4c967g5cg04f84jla3,18
sommelier-3,Red Planet,sommvaloper1kwnymjvr2t4g3agzd6h077kx6k62avzpr8zcpz,445
sommelier-3,Chill Validation,sommvaloper1l38kl5u0rmqj2rr4336jjxpmap9gl7amkf9yff,518
sommelier-3,BlockHunters 🎯,sommvaloper1m9n4keerxus8yw3mjqvekxlywn8sq9aguh39c6,1038
sommelier-3,Tessellated,sommvaloper1n56swda49evz92zhcw2xc8esx6kzt8qm3yd5w3,88
sommelier-3,imperator,sommvaloper1nm3xrar9j7dw6e9ua77ernarpc3axxr77alscy,0
sommelier-3,stakelab,sommvaloper1pedd3sk0qhwc3yr6zh036gcwc0d6yhuntw9lcw,0
sommelier-3,stakecito,sommvaloper1qe8uuf5x69c526h4nzxwv4ltftr73v7qeh9gwf,0
sommelier-3,BitNordic,sommvaloper1qzy5ydycy6deseghvh4f4f20s268s4tn4527kj,163
sommelier-3,Sommelier Foundation,sommvaloper1rtt69afx4dtj4t3urgm93qq7kxypzzeew4w8t0,1039
sommelier-3,Encapsulate (fka KingSuper),sommvaloper1s0lankh33kprer2l22nank5rvsuh9ksa8324s2,224
sommelier-3,rockawayx,sommvaloper1thl5syhmscgnj7whdyrydw3w6vy80044ty5hup,0
sommelier-3,autostake,sommvaloper1tl6jl7ecqwvgagsc4w46n9nm470cwjyg24hlw3,0
sommelier-3,meria,sommvaloper1uw309hv7khuxud7rrnj89fvxvgl9heu5zvs3sl,0
sommelier-3,VALIDARIOS,sommvaloper1xepu6f8nvqzd95fgs0njvm8rvwxq79dydzzrmn,54
sommelier-3,✅ CryptoCrew Validators #IBCgang,sommvaloper1xz0eu8um28a72rl9gufhszkd6tewus8u38l5nd,381
sommelier-3,everstake,sommvaloper1y0few0kgxa7vtq8nskjsdwdtyqglj3k5pv2c4d,0
sommelier-3,pendulum,sommvaloper1yk2sgj9a2tfd77fc4eqa6gv2mysu0xglyksy5t,0
ssc-1,Chandra Station,sagavaloper106y6thy7gphzrsqq443hl69vfdvntgz2rcxrw2,158
ssc-1,polkachu.com,sagavaloper13dfsqypv3rjucvncpjy9p6jm47hc0e7827g0cq,234
ssc-1,Stakin,sagavaloper13p45c6z865muxdycah0amqhjkfexh0ztejq9gw,452
ssc-1,Lavender.Five Nodes 🐝,sagavaloper140l6y2gp3gxvay6qtn70re7z2s0gn57zupu4tk,560
ssc-1,marblex,sagavaloper143k55pqumrrlwj06uepv7v8wyvajjcnmu3zkn4,0
ssc-1,sg1,sagavaloper14p4s4s9ryn6uar7qvlmxsfcnt3e759vplykhs2,0
ssc-1,HashKey Cloud,sagavaloper14z9v2s2w2kkua70t20vpcvcgpxqekl7lufz3rs,225
ssc-1,P2P.org 💙,sagavaloper15eryzkm5y7d2ldqf6he7g943g9hepxwa6puvjz,696
ssc-1,NodeStake,sagavaloper19f0w9svr905fhefusyx4z8sf83j6et0gsn0qkm,869
ssc-1,liquify,sagavaloper1a08q0lesrstewscr6myyy5fy2rfzcdjfq79k4e,0
ssc-1,Omnistake.com,sagavaloper1am6qxsfxpzxdk7j8e8s37vs6pe8zr6m922nqte,904
ssc-1,Nocturnal Labs,sagavaloper1axyv94rv40cug6acgh0zlzvq9awf4ajea3yrd4,282
ssc-1,Finoa Consensus Services,sagavaloper1c24csqxrfqktgpn94anp4xmtn7pz772gl903kj,807
ssc-1,Stake&Relax 🦥,sagavaloper1l9aqqku8yk0p3w8kljmrwj32ztzz74earjl0sp,159
ssc-1,Golden Ratio Staking,sagavaloper1nfha2308jhh2k7jfsa29gpa5t7kqv48wzuje4w,748
ssc-1,Cosmostation,sagavaloper1nv7mzp90rjxkgrr7ymcfqufgjeqtr7ptfeflz8,871
ssc-1,UnityFarms (20% to charity),sagavaloper1pg3u9vl53jngwfly0370jne8fv533hd6emrfmd,333
ssc-1,Luganodes,sagavaloper1qara34gyn54s9693rntr7gxj4a34te6gxkx97m,536
ssc-1,Stakecito,sagavaloper1qe8uuf5x69c526h4nzxwv4ltftr73v7qsdtg4m,527
ssc-1,Simply Staking,sagavaloper1qpsluy5pgjt84jl4yf83e6kz02npgynwsqslj9,455
ssc-1,strangelove,sagavaloper1sl97x54v0u3extuj2zrf7h0qrrtpgpsldww2zc,0
ssc-1,StakingCabin,sagavaloper1smw8w75qzprplv5g4afkrjkxz0sh4d84qqz4cw,518
ssc-1,validationcloud,sagavaloper1su2yh6xsh5cahxgtrv88vms54jlmes4k8m3dd0,0
ssc-1,longhashventures,sagavaloper1t4pxlwh9sfp5u2ghpwm73y5c47ucq3wappnx7q,0
ssc-1,SG-1,sagavaloper1v7f0980q2z3he88fc7cs6tx7le70578rgcn6re,190
ssc-1,Enigma,sagavaloper1v9uqwx20c7f3nf4ckzzvzjr4kxuqw37293gkv9,476
ssc-1,zeroonenode,sagavaloper1zjaqvcq4jmydnrcxtnpw5fdsggg6dvmapkdels,0
stargaze-1,nosnode,starsvaloper10jm8fvdyqlj78w0j5nawc76wsn4pqmdx9vsdyy,0
stargaze-1,kingnodes,starsvaloper10wxn2lv29yqnw2uf4jf439kwy5ef00qd0jluj0,0
stargaze-1,aaametahuahua,starsvaloper129rf2cltczhapja80mt48lezt2vzvh6zuz0ve4,0
stargaze-1,easy2stake,starsvaloper12j27sg08nccd22gdp55fl8exarwust33kqjph5,0
stargaze-1,forbole,starsvaloper12k8za208e5kt0j34w6au6v8py6t6cat2sqjzvw,0
stargaze-1,vitwitpreviouslywitval,starsvaloper12rfj3mvdfeh38p3ztmuhamgm4yxwq8a5pz8vvn,0
stargaze-1,CryptoCrew Validators ✅,starsvaloper12v78y2lrpy2euhuzjtd6ssyzz3zllgs0uqk3nn,278
stargaze-1,strangelove,starsvaloper130mdu9a0etmeuw52qfxk73pn0ga6gawkux5rjn,0
stargaze-1,simplystaking,starsvaloper13agg47uffkehwqpvqeqp86aamjmkvmt4hyt9z7,0
stargaze-1,virtualhive,starsvaloper13curyx4nxhq5q3ge5x2yd54c4df20vust4mxxe,0
stargaze-1,figment,starsvaloper13htkxk8nw6qwhfdugllp8ldtgt5nm80xf679h5,0
stargaze-1,tuzem,starsvaloper13r4kyxcdwd49xekzvlasp23kt67ju85hauy5gw,0
stargaze-1,CryptoDungeon,starsvaloper13x4pynlp86prhcmtns742kgsgu7pjtzj0m9tz2,232
stargaze-1,posthumanstakedrop,starsvaloper14ftwwcfvhnp3qvxawesjan5duh8rmrkrzdvquy,0
stargaze-1,Oldcat,starsvaloper14mc5h4qy8udss5c9mk8r7kz2xywk00ptuhfwac,236
stargaze-1,StakeAngle,starsvaloper14ysq6pfyxh5jmhddvjhxu6du8nh7r8248y90lc,218
stargaze-1,interbloc,starsvaloper15004ysvmqnqzkvt7x6s4cd53flmmvgfvh9d75c,0
stargaze-1,stakewollecomautocompound,starsvaloper15cu52e36jth9gqr0muq755syvgyr96cr98a549,0
stargaze-1,cosmology,starsvaloper15e8c2qet6h3mcx9gu7pkhaleu0nltjz42jjknv,0
stargaze-1,OranG3cluB,starsvaloper15h93mze4d7uzls97pzy58rf9fplxmzyaw8gd4u,234
stargaze-1,calibr,starsvaloper15qdgx74pa7x7mvulqs0mp29n2sfxt40atmkyys,0
stargaze-1,pupmøs,starsvaloper15sr5ugya95q0ps9qet03ujsten8z05atamhcvy,0
stargaze-1,pfcstakeforsoulairdrop,starsvaloper1670dvuv348eynr9lsmdrhqu3g7vpmzx94hm9g6,0
stargaze-1,Chorus One,starsvaloper16pj5gljqnqs0ajxakccfjhu05yczp987esm6lu,484
stargaze-1,Keplr,starsvaloper16s77uvzu5c5wvnhepx4m69z8xft9pd68t4973p,415
stargaze-1,oni,starsvaloper16s96n9k9zztdgjy8q4qcxp4hn7ww98qkeq2f7v,0
stargaze-1,armyids,starsvaloper16x8thpydgpsfxtzjljqyvtm8a6pkk8ggl64qr5,0
stargaze-1,penso,starsvaloper172ctu72nuvxzrc0ser6xuzr735ay82g0tnxfyk,0
stargaze-1,cryptoplant,starsvaloper179luvthvww4t0cawrcsv3t7a8amr4n7ggsttau,0
stargaze-1,needlecast,starsvaloper17dn5e2n6w60pzyxeq79apr05r6jzfw7w7d8xrj,0
stargaze-1,narwhalidatorxshrimpclub,starsvaloper17ggax30mkwwg74wsmw8h4966mdy7agwd84heqt,0
stargaze-1,FreshSTAKING,starsvaloper17h2x3j7u44qkrq0sk8ul0r2qr440rwgjvlln5d,245
stargaze-1,Kahuna,starsvaloper17r0cp9zrtkvzlz7a2r09gmdxwqfyje9898petq,448
stargaze-1,deuslabs,starsvaloper17skjxhtt54prnpxcs7a5rv9znlldpe5k8tncyd,0
stargaze-1,whispernode,starsvaloper17z2ynnlm8evtjpzvsw3239w75474rc7a4du4l3,0
stargaze-1,staketab,starsvaloper185dupqc8z7w374r6d5wgqm9cqlr485wz9jqqvq,0
stargaze-1,smartnodes,starsvaloper18u3wyvmmh2lq008gtwdsqcvj3m22aqyxt3ymaq,0
stargaze-1,coinagexdaic,starsvaloper18ux9f6y7x29hdpvs4w3uj8hrmn8rffgm9u52eu,0
stargaze-1,whitemarlinstaking,starsvaloper18wkkhsrsw7gwl3z9gn6e25ag3sn0crzp89el6n,0
stargaze-1,azstake,starsvaloper1926sz228mm6yjlwye9hfxxh0hh4nm4aqfp29l7,0
stargaze-1,decentralizehkdhkdao,starsvaloper19cuh2kalnp82euhsf0aj75m0yxncj0v47eyfv8,0
stargaze-1,blockpane,starsvaloper19jw025fpcmayxj4qxp50uh2jvxuff57vw2krv6,0
stargaze-1,sgtstake,starsvaloper1ck2p4qj79lqvsxp3wxpagxxrd98mt8xl5kgc5l,0
stargaze-1,ibcnftscom,starsvaloper1cmu7qqjaepsngntczcdkkgcwc52zere2t78rdp,0
stargaze-1,crosnest,starsvaloper1cpaslqxawslaadw7e6vmakkx8wu8z4408wxj0p,0
stargaze-1,gelotto,starsvaloper1cqdhr7arcezmkhy32qzsqsjvq2rheuhxrty6kj,0
stargaze-1,inhabitants,starsvaloper1cw5hgpgj29j7lw4xv3t8c73mxay2y7uvcw53ma,0
stargaze-1,Blackhox,starsvaloper1dkuvgapkjf6lmdnh9jm4hy6zm85kvrqsefthy4,225
stargaze-1,cyberg,starsvaloper1dtk6748uhvmhvakhleclrwprp27pe89vhhw44p,0
stargaze-1,n1stake,starsvaloper1e8twhfvncrlrezvmk452sw2rr60ut3qpndtyu7,0
stargaze-1,bdn,starsvaloper1e9xd5eggd4l9xynap0mjep3s2uwwxwsydpssq4,0
stargaze-1,Arcpool,starsvaloper1eh397usaczphjk2fjra5590uyx6urp5jv8tpce,202
stargaze-1,"Frens (🤝,🤝)",starsvaloper1ej2es5fjztqjcd4pwa0zyvaevtjd2y5wuske5h,449
stargaze-1,ValiDAO,starsvaloper1ezq340qx542cw6a8g7lwsnuz9avgtusm7vwd7a,239
stargaze-1,empowervalidator20toplasticwastecleanups,starsvaloper1f4tj483qfrt3yemjdlx5e577h7e3r52ydyqd3s,0
stargaze-1,omniflix,starsvaloper1fhznrvfyv25f27se8pqw79ytfcwh45j0ppy6lz,0
stargaze-1,perfectstake,starsvaloper1g5ggp7zqq6mec2fdz84q8pv6ykrf0lgtrc8w5q,0
stargaze-1,quebec,starsvaloper1g7qxtjesj770dhzmrz0kvrqdexa07vas0twgy9,0
stargaze-1,ezstaking,starsvaloper1gjtvly9lel6zskvwtvlg5vhwpu9c9wawyx37ju,0
stargaze-1,noderunners,starsvaloper1gle9dkjsh9p2hd9skhkqyfvaydsw7vkr63aeer,0
stargaze-1,thespaceapesociety,starsvaloper1gp7s38a5a5f6urhpasvlmgzaqmvwcl3pglejmx,0
stargaze-1,polkachucom,starsvaloper1gp957czryfgyvxwn3tfnyy2f0t9g2p4p60w86a,0
stargaze-1,Cosmos Spaces ☮️ 💜 ⚛️,starsvaloper1gpnmdeytnjqekqt559dqzdv2gwjefcsvv0sarg,191
stargaze-1,badkids100slashing,starsvaloper1gz645mefvu5emd0llpfjchqqpyuxt0xxq34per,0
stargaze-1,daodao,starsvaloper1hq7ufg5hcxtwpyp5phuszs9wprm7dv6gqz0e4ywegde2y2q8uegqlzmyma,0
stargaze-1,bluestake100insurance,starsvaloper1hr4ag3mdzy08rl6r7pga832kvchqctvmzdneds,0
stargaze-1,elsehow,starsvaloper1hvw778wslvyxh6mmv3sy96mwnaw80elmrswc6h,0
stargaze-1,bloclickautocompoundonrestake,starsvaloper1j74f2ef2p9ue7tz0jlcg6ejnjhp5evv0wyw0av,0
stargaze-1,ramuchitech,starsvaloper1j8y7wh6hsz0nr9sx7z9qhx4p2hgy58xeclaucp,0
stargaze-1,web34ever,starsvaloper1jg39wazpukeqcytuuad7tsn3end22spg2m4u0x,0
stargaze-1,thenopio,starsvaloper1jhn0mats4dgy7x9lk4m30yfcx5mkkezuaarkv0,0
stargaze-1,Larry Engineer,starsvaloper1jlhu56rs6st0vyaneleg2lp0seqknw5j2fkpr4,429
stargaze-1,mtnode,starsvaloper1jnum75gr8jsn4xn9u48kc9ma5c4mrmvzsvad6j,0
stargaze-1,wanderer,starsvaloper1jp9v48a8u4vndt7m2ueal7v6a248n0sh364w8d,0
stargaze-1,Ping,starsvaloper1jxv0u20scum4trha72c7ltfgfqef6nscdghxyx,226
stargaze-1,syd,starsvaloper1k5pyrxxd3usuneeeh4gssqh7sw0f73kvamt8vd,0
stargaze-1,astroquirksprofitsharing,starsvaloper1kekv8xqg7aj628l8av4d95cm79y8lw3clph7u7,0
stargaze-1,validatingchaos,starsvaloper1kg99k8wd67r0ffxwavgnxup7yk46rvttuwrdwy,0
stargaze-1,nitawa,starsvaloper1ksa839vuqehcgytzplsz225n7gmwqvp02n9l34,0
stargaze-1,thanosoneiaminevitable,starsvaloper1kx0gda86dlywg07083gn3dkulduuc0drufu98n,0
stargaze-1,kleomedes,starsvaloper1kztn4xapr3mah9nc05wvvqhsg60t2l6txr3472,0
stargaze-1,degenpower,starsvaloper1msylh4vxq8uyz6cwcerme3yyq3cjpanpuw72pf,0
stargaze-1,StakeLab.zone,starsvaloper1mz2qks48v486d9m8wp4l9fxm2e9l0e0kzk79m5,420
stargaze-1,0base,starsvaloper1n3mhyp9fvcmuu8l0q8qvjy07x0rql8q4qlwk6v,0
stargaze-1,ubikcapital,starsvaloper1nspplp7um4psdft5z0eks33l07jkn748s3f5ke,0
stargaze-1,mahof,starsvaloper1nurdchxypkgwpu20avwqj3e3ywm7n60rf34s27,207
stargaze-1,a41,starsvaloper1p3ga5uyzl9hum0j5qv0f5vysyevvwc8rxxhqws,0
stargaze-1,cyphercore,starsvaloper1pjmngrwcsatsuyy8m3qrunaun67sr9x7cz5ku2,0
stargaze-1,gatahub,starsvaloper1pn9m649n2ugeyw4a7lj4vdtm76f7ptlp0sqxhz,0
stargaze-1,alexbambarellovalidator,starsvaloper1pvxxlaq2mxef9xn2v3vpx3ynd48u4avdyvt2u2,0
stargaze-1,stakecito,starsvaloper1qe8uuf5x69c526h4nzxwv4ltftr73v7qlh8sg9,0
stargaze-1,Citadel.one,starsvaloper1qv2tdjma7dcg6jmgawwd0aajjcx89rqca0cqgr,361
stargaze-1,hathornode,starsvaloper1qx6kgrla69wmz90tn379p4kaux5prdku4x5nd4,0
stargaze-1,🦊 The Silver Fox,starsvaloper1qy8vu3r6gcm3ydjglh427p8p036ya798hev2s8,492
stargaze-1,kalianetwork,starsvaloper1qz3zj0j3546xywfe8qwcve5flne9w98qu90048,0
stargaze-1,spacepotato,starsvaloper1r4sevyvum9ppqlw75t6h0ex9j4j9dzydyuhsmz,0
stargaze-1,AutoStake 🛡️ Slash Protected,starsvaloper1r6usxgxmrz6ynjz2y5ez5u8ts3fpmtlrl8c9xr,315
stargaze-1,illuminati,starsvaloper1rkhzx3q59nzmrjrj3lhpazfxaxvm9uxl6q7a70,0
stargaze-1,Encapsulate (fka KingSuper),starsvaloper1s0lankh33kprer2l22nank5rvsuh9ksap3gdkx,224
stargaze-1,dimi,starsvaloper1s33zct2zhhaf60x4a90cpe9yquw99jj0tfn4k7,0
stargaze-1,consensusone,starsvaloper1s679uyrt0uhljj8ws905hetwn87jqdz3n33klw,0
stargaze-1,nacioncryptoparceros,starsvaloper1skc8aut895jvg4hdxx7q89sus5x63ede5dsla0,0
stargaze-1,stakin,starsvaloper1swer6tl0s59g82xnq5gmgsdueld79wpw8vptlu,0
stargaze-1,ch0pch0pnft,starsvaloper1t6l7yrrnug8duw3fmjy8xq0p0ln377mrc2rezc,0
stargaze-1,PoS Node,starsvaloper1t70evqe66qedxp3u04d424gxfyncuhp68ffuf7,290
stargaze-1,dstake,starsvaloper1tk057sckr9yf94a0ndn66ye8d9zgn860qmww8y,0
stargaze-1,Golden Ratio Staking,starsvaloper1tn84uta3qhhk3fphcwydktpjlq6akgw380lxj4,292
stargaze-1,NakoTurk,starsvaloper1tnffg6s9x35eac2kaw4zvkx7lvyhd7spw6hnde,197
stargaze-1,testovich,starsvaloper1tnx3z8ke9za65v32qxhu65mav2282jru8989a6,0
stargaze-1,broxaruspeakcommunitysunren,starsvaloper1tylme70t04tua5pd2my6zvzwavs02guvd837ug,0
stargaze-1,chainflow,starsvaloper1uau0wsngp9rxampkfwg93ztkyju29e48hcgrxk,0
stargaze-1,cosmostation,starsvaloper1ulvgmlttxhrnmegu57sj0n2qc7xvtrn9245jtu,0
stargaze-1,smartstake,starsvaloper1ux7vg9ph4p68pg7e2l5yn703xllec388y2t65a,0
stargaze-1,nysanetwork,starsvaloper1vaj7mt7kcrdxvfcl2ye7c2qwuxxmj9a7w326hx,0
stargaze-1,allnodes,starsvaloper1vaq0mrf3vfs5pap7hhfs7lgfl4e2plum77halc,0
stargaze-1,julia,starsvaloper1vd2wr8vm6tqmn9vflue5kf7m9v7ltyye4gwrtp,0
stargaze-1,nftswitchxyzdelegateforsoulclaimdrop,starsvaloper1vpw942ek3ad8edrfyhyye6vd3zrwy88z3pwnuj,0
stargaze-1,dsrv,starsvaloper1wlagucxdxvsmvj6330864x8q3vxz4x02edm8vx,0
stargaze-1,stakecraft,starsvaloper1wvh8n82r4alqhxs45m8jtf536sqc5nzzgfzs7x,0
stargaze-1,alkadeta,starsvaloper1wz3692qvg6g3kcnnyta40rn2jj5jfhxqzntq0s,494
stargaze-1,ujulabs,starsvaloper1x0dzmfr64nhy9g3sj5w3cjhuyuddzjnm9rweut,0
stargaze-1,silent,starsvaloper1xqum4wt30f3aqw8mmv823ty3x7gpmmde9zfndf,187
stargaze-1,RHINO 🦏,starsvaloper1xru87608vdps23q4s79006lcsm0tfxcl4juuy5,329
stargaze-1,moonsoon,starsvaloper1y0k86wx0jpfqs9qcq6alalfwvyackwfqkeqdwh,0
stargaze-1,Imperator.co,starsvaloper1y3cxrze7kmktj93atd42g9rffyg823g0qjqelc,398
stargaze-1,Bro_n_Bro,starsvaloper1y58hfnm90r4efhlydx0gavz57lvm7k6uulkg3h,390
stargaze-1,rektdao,starsvaloper1ylh6ptn0yt7h6a5zfyuvra6wtynzuvnakl6mr7,0
stargaze-1,Inter Blockchain Services,starsvaloper1yskcx5zfkr3nacn6f5zd08yw72zwm4s06x8tpz,355
stargaze-1,StakerHouse,starsvaloper1ytmeusye99zdzumkx2hvlx5p3fj9d5w8qfxwn9,298
umee-1,stakin,umeevaloper10nsytn9zmtfnhk37hqfe2h9v599ld3h5zs9fqj,0
umee-1,node101,umeevaloper12h8fpmg5qs570rmlem27km5xu4l2gv0lapuels,108
umee-1,ART3MIS.CLOUD,umeevaloper13elcqgu20pwrhexsz783jsvrdlf045edw3k8ar,345
umee-1,citadelone,umeevaloper148lf9ndu40fmy44ku74v65lqp8mwqej9nz0s54,0
umee-1,Egozit,umeevaloper14jkqgv2qhmjafvg5pynt49uq2ejjelmkj63rz3,165
umee-1,bwarelabs,umeevaloper14yth8x4a77q5rytxhv67e43p2hdzyguuwruls8,0
umee-1,L0vd2 | L0vd.com,umeevaloper15kywkhdljlkfvvzwkshnquz2x63nrxewfr4lga,208
umee-1,calista,umeevaloper19za8xxyjqykx5hu34znsq0dj7qcdt3y6r8mg54,0
umee-1,ushakov,umeevaloper1agzky2ak6xs5vve3c2wzjtqdq7fwadcgjwufc0,184
umee-1,Chainroot,umeevaloper1c0r2r5e3usyjjy55dk5ktql9nc5nljk3fw4lla,529
umee-1,baryon,umeevaloper1dh7p3dvvjst60h62fymrqdcwx6tmatyyet2zan,0
umee-1,🔥STAVR🔥 REStake ON✅,umeevaloper1dkjcas3j43u3v6l94jhhhnjxhlnwxt3m02p4c3,422
umee-1,KalpaTech,umeevaloper1ehkfl7palwrh6w2hhr2yfrgrq8jetgucttvwsj,164
umee-1,UMEE BURN VALIDATOR,umeevaloper1fz037eya6ruvklcakq95uftmz6cxw72re9dgkf,800
umee-1,bharvest,umeevaloper1g7ddsx97qj4tfvm7u22xe5h6y3efdup6spsxnw,0
umee-1,polkachu.com,umeevaloper1gp957czryfgyvxwn3tfnyy2f0t9g2p4phlh7lv,800
umee-1,ShapeShift DAO,umeevaloper1gvt9l5tshr0fp8ksl2tuem584z69eyvt9m8yh6,253
umee-1,AM Solutions 🌊,umeevaloper1hdeemspqtxaw5pk3ddmtzju3xtk0euj5xddr0c,178
umee-1,cosmostation,umeevaloper1hn8mjjvgzd07tfhcl8jvux5k72hheg3t2xkhq0,0
umee-1,bitszn,umeevaloper1l3ltveezgyctwfflk660qv7gvxz2xp4lr2x064,299
umee-1,Nodes.Guru,umeevaloper1l4xvfq5uj7624m73nn8j4mgra7xq4cpf08q2xj,802
umee-1,StakeAngle,umeevaloper1lewxvf5qcyfqtl2m49k285qtdsa3vgstkj00n8,145
umee-1,CosmoWiz,umeevaloper1lpyjdjtscyurhqze5xvkvhdj94wltcs6g7wq84,178
umee-1,0base.vc,umeevaloper1n3mhyp9fvcmuu8l0q8qvjy07x0rql8q4d0h0la,281
umee-1,medium,umeevaloper1nhxqqa7rlmuw7yzpf0v4zzusk39fzuk2h0rptu,192
umee-1,MZONDER,umeevaloper1nlsvx2cl4wksknfx9dk7svn0rushylzj4g8l6z,800
umee-1,Oneplus,umeevaloper1pn3sx7778dwvdtrp8djstjwpsjq6cr7d7x4lz6,164
umee-1,AutoStake 🛡️ Slash Protected,umeevaloper1py60fpud4w468zn7mthfa25xnzuawjum7w90q2,305
umee-1,binaryholdings,umeevaloper1q5z5vdxtvqmf4eq37pm2xnytc69st382cadf0x,0
umee-1,stakecito,umeevaloper1qe8uuf5x69c526h4nzxwv4ltftr73v7qj87fd5,0
umee-1,Alphabet,umeevaloper1qr97jr05ftqfnly7hegw4q03g3sctzwj34ev2g,346
umee-1,Qubelabs,umeevaloper1qzulky8hacycvxrz2jcts28zg7nypce88590zp,158
umee-1,HighStakes-Daily Airdrop,umeevaloper1rtdcc3ukvf80xzqk00nsj5v06edf39q0yxe2ve,284
umee-1,Encapsulate (fka KingSuper),umeevaloper1s0lankh33kprer2l22nank5rvsuh9ksavp35nh,210
umee-1,rxpwnz,umeevaloper1spynk5y2wz96dq4z73snpgqhr4l49n4zz660h4,186
umee-1,crypto20m,umeevaloper1t3egsnypejx9xv5jcl4jq6hvrz5zwx635d9vn6,0
umee-1,ELYSIUM,umeevaloper1tm5lt2y6sw62dptctecq9g9wjv7hwzkfpsnxjw,216
umee-1,stakefish,umeevaloper1tsd7h4erlx9wajg353dwjc56lrvlcnmeghnmk0,0
umee-1,StakeTown,umeevaloper1tvnv9x93s2vaap79j0jxt49hak8emld2ylx84l,323
umee-1,TTT VN,umeevaloper1ukk6qutqe24hmmwqkumluprms9fu7kannz5gl7,390
umee-1,Pro-Nodes75,umeevaloper1vn5ysf7u9dssn2pm6h8agmqerxc5mq79p3e9ny,186
umee-1,Huginn,umeevaloper1vr59ktf5yehvxz06qe889sl4eg0dtak8l2yge3,139
umee-1,CoinMetrika,umeevaloper1z6qsfe95y3luzj4wve93s9w6rjs7msk972zs4f,240
umee-1,cravingforknowledge,umeevaloper1ztqxj0v9hl8xr0kvqllk3lxtp669cd7jgsyjl9,0
umee-1,dsrv,umeevaloper1zttnm2cl60m5ffsrfeqtzkmtvepl4hwn238aym,0
